Total Households Serviced,Single Family Dwellings,Multi-Family Dwellings,User Pay Waste Collection (Pay-As-You-Throw),Full User Pay,Bag Limit Program for Garbage Collection,Program Code,Municipal Group,Single Stream,Residential Promotion & Education Costs,Interest on Municipal  Capital,Total Gross Revenue,Year,Interaction of Households Serviced and operation cost,operation cost,Program efficiency,TOTAL Reported and/or Calculated Marketed Tonnes
222858,52,52,True,False,True,1,1,True,111649.07,18775.23,303786.2,2019,2163748452763.1396,9709090.329999998,0.008190698794197503,28377.280000000006
860857,26,52,True,True,False,20,1,True,1933564.33,633283.05,8915663.24,2019,58998532360018.71,68534649.03,0.00427648512860301,99784.55000000002
184239,42,52,True,False,True,50,1,False,208779.0,265276.55,1985825.52,2019,1896730710854.76,10294946.84,0.006142744858621119,21706.59
380754,52,52,True,False,True,97,1,True,993528.8799999999,557830.31,4815316.72,2019,10818335610765.54,28412927.009999998,0.005025794568237756,53554.62
229832,52,52,False,False,True,172,1,False,349082.95999999996,147152.84,2705559.01,2019,3454613585372.3193,15031038.259999998,0.0058069787809905266,33148.810000000005
452151,26,52,True,False,True,270,1,True,844253.72,1487584.06,2597373.92,2019,17132355804039.842,37890783.84,0.004828887766774145,74041.96
237081,52,52,True,False,True,6,2,False,354471.26,330725.25,3742083.3,2019,4516234310045.642,19049330.440000005,0.005188645510091301,41206.969999999994
168187,26,52,False,False,True,18,2,False,235357.05,145739.35,2133782.5100000002,2019,1414071778582.97,8407735.31,0.006887981223778953,19941.12
202450,52,52,True,False,False,53,2,False,214565.3,128733.44,2947532.46,2019,2035154771417.4998,10052629.149999999,0.00836885846685526,34960.20640000001
141523,52,52,True,False,True,335,2,False,134007.43,3872.95,1961104.7,2019,2089682444706.0203,14765673.740000002,0.004083578044747556,25689.830000000005
198404,52,52,True,False,False,357,2,False,208710.34,187465.26,3498711.4300000006,2019,2631229189474.08,13261976.520000001,0.006275589218503509,34912.030000000006
414659,52,52,False,False,True,441,2,False,138312.88,12435.93,6656078.049999999,2019,8197255527835.99,19768666.61,0.007655291756125717,55231.54
54661,52,52,True,False,False,14,3,False,129638.86,39224.93,129351.95,2019,137236697090.04001,2510687.64,0.009814534508349178,11108.289999999999
50607,26,26,False,False,True,36,3,True,24404.11,131617.29,622957.0,2019,327797711478.99,6477319.569999999,0.0025959213748981843,5586.8
34485,52,52,True,False,False,55,3,False,11280.27,0.0,60217.409999999996,2019,51223307919.3,1485379.3800000001,0.007381625451705182,3486.17
35096,26,26,False,False,True,103,3,True,27918.949999999997,0.0,368978.78,2019,60549717238.88,1725259.78,0.007001565279558344,4157.589999999999
48698,26,26,True,False,True,123,3,False,70920.75,134.27,0.0,2019,121517894442.1,2495336.45,0.007217271150771628,6660.29
41946,52,52,False,False,True,179,3,False,70321.71,546.11,514798.43000000005,2019,121558624617.24002,2897978.9400000004,0.004876971510996439,4762.12
35222,52,52,True,False,True,293,3,False,97557.28,2087.72,804269.87,2019,90482169153.2,2568910.6,0.006233920868785349,7281.260000000001
40534,52,0,True,True,True,12,4,True,78273.47,12450.96,488646.3899999999,2019,119795081428.09999,2955422.15,0.004732097862723341,4825.33
34930,52,52,True,True,False,21,4,False,59606.799999999996,2846.38,429434.07,2019,112919539038.6,3232738.02,0.004122418263808808,5084.4800000000005
30329,52,52,False,False,True,34,4,False,36726.369999999995,206.79,417619.64,2019,63727205936.02999,2101197.07,0.0055375236732309535,4463.82
79629,52,52,True,True,False,87,4,False,69217.41,9422.47,1112264.4600000002,2019,379706909031.45,4768450.05,0.0061528917584674605,10810.4
35302,52,52,True,False,True,88,4,False,56973.25,0.0,459020.94,2019,84589961186.84001,2396180.4200000004,0.005493177136250118,4907.800800000001
49734,52,52,True,False,True,89,4,False,48955.25,5196.24,379921.47,2019,225963849297.41998,4543448.13,0.003569732759356412,5289.19
22617,26,26,True,False,True,143,4,False,35415.54,0.0,280661.95,2019,18903036872.79,835788.87,0.009636959091962716,2868.39
73838,52,52,True,False,False,183,4,True,52316.119999999995,2608.01,345255.24999999994,2019,485971099073.3,6581585.35,0.00400733067424512,9420.880000000003
72080,52,52,True,True,False,186,4,True,45744.2,216768.07,1283505.8,2019,584851238992.8,8113918.41,0.0034240800719682143,10708.639999999996
34456,26,26,True,True,True,190,4,False,28563.65,28300.61,436295.02999999997,2019,79421840443.92,2305022.07,0.004446820353261104,3049.1899999999996
56033,52,52,True,False,False,324,4,False,64988.06,14818.29,744094.01,2019,245393018075.51996,4379437.4399999995,0.004642230744126712,7376.43
48365,26,26,True,False,True,429,4,False,13974.859999999999,663.91,324593.48,2019,77430395577.20001,1600959.2800000003,0.00888173016700139,4180.464400000001
38256,52,52,True,False,False,601,4,False,45483.06,11205.14,210627.25999999998,2019,114537127717.91998,2993965.0699999994,0.004867424520437852,5551.27
24376,52,52,True,False,False,760,4,True,83050.98999999999,586.67,554553.47,2019,34747018322.72,1425460.22,0.0077547697301803865,5012.86
47297,52,52,True,True,False,878,4,True,113584.7,14936.33,419431.65,2019,136658803901.81,2889375.73,0.006471989670819494,7393.499999999999
15237,26,52,True,True,False,8,5,True,1963.1,973.4,93052.72,2019,13125660258.689999,861433.3699999999,0.006528343717793027,2075.63
9630,26,52,True,True,True,41,5,False,11706.61,1017.63,171251.26000000004,2019,5636558219.4,585312.38,0.005283821791109236,993.22
13868,52,52,True,False,False,56,5,False,6443.96,406.13,2299.3900000000003,2019,7842990263.84,565545.88,0.011149980973409523,2867.2800000000007
10125,52,52,True,False,False,67,5,False,19937.35,0.0,0.0,2019,1903766591.2499998,188026.33,0.01964222110804445,1347.1733959092533
3564,26,26,True,True,False,157,5,True,1283.65,0.0,250.0,2019,545681652.12,153109.33000000002,0.007714600580625305,391.4646115974365
20472,52,52,False,False,True,214,5,True,10756.92,504.77,255085.94,2019,35703441505.92,1744013.3599999999,0.0043035116136486634,2751.5999999999995
3188,52,52,True,False,True,223,5,False,2463.42,2352.67,800.41,2019,736547996.3200002,231037.64000000004,0.004045308975646066,274.0
1949,52,52,True,False,False,224,5,False,3461.85,0.0,210.0,2019,144556901.22,74169.78,0.008350692346077028,196.82810451351673
17991,26,52,True,False,False,233,5,False,7748.99,289.85,171134.77,2019,12508327667.519999,695254.72,0.008905349603342558,2130.76
2493,52,52,True,True,True,272,5,False,3150.0,0.0,0.0,2019,231595835.85,92898.45,0.009490385268965902,311.7901161962606
3032,52,52,True,False,False,427,5,False,4279.1,0.0,41727.25,2019,615160933.68,202889.49,0.005678686408970954,437.80999999999995
4336,52,52,True,False,False,524,5,True,3816.73,0.0,89207.8,2019,1362834111.3600004,314306.76000000007,0.0046038450693930795,482.9026295663896
3822,52,52,True,False,False,565,5,False,5519.3,767.31,88951.02,2019,1024123666.0199999,267954.91,0.005129083319034859,494.2108368167203
1052,26,26,False,False,True,613,5,False,0.0,0.0,0.0,2019,73508121.28,69874.64,0.0053218988866674775,131.44881180778845
2495,52,52,True,False,True,696,5,True,577.44,0.0,201.75,2019,321588758.55,128893.29,0.00619541846482727,255.582644832942
4911,52,52,True,False,False,731,5,True,0.0,0.0,41367.85,2019,1320895611.03,268966.73,0.008440281549445637,1049.3999999999999
1468,52,52,True,True,True,732,5,True,1250.0,0.0,0.0,2019,101844907.52,69376.64,0.007616680618709292,190.20939315714202
767,52,52,True,True,False,754,5,False,475.0,0.0,0.0,2019,26492041.94,34539.82,0.008034128259780124,100.39736101583901
3361,26,26,True,False,False,885,5,False,1489.3,0.0,0.0,2019,486211872.46,144662.86,0.008420400071815494,441.47999999999996
4458,52,52,True,False,False,909,5,False,5356.75,0.0,620.13,2019,867889101.66,194681.27,0.00725800059153145,447.85999999999996
512,26,26,False,False,False,923,5,False,905.7,0.0,84.0,2019,15506785.28,30286.69,0.00500859464053749,44.94334914850541
7013,26,26,False,False,True,394,6,False,3329.73,0.0,25617.809999999998,2019,2931630083.48,418027.96,0.004883376638022082,594.2199999999999
3650,26,26,False,False,True,414,6,True,9811.62,1825.42,11641.15,2019,770753856.0,211165.44,0.003681463808121224,165.57466674439706
5642,52,52,False,False,False,426,6,False,2500.0,0.0,420.0,2019,950526640.7,168473.35,0.009598290411956187,463.4651825294747
17740,52,52,False,False,True,430,6,True,12208.14,25712.28,480.0,2019,30344146529.599995,1710493.0399999998,0.003862582214489477,2460.6196060451057
69,52,52,False,False,False,443,6,True,0.0,0.0,0.0,2019,1092283.7999999998,15830.199999999999,0.0020363415813819466,15.060000000000004
460,26,0,False,False,True,562,6,False,702.15,0.0,0.0,2019,22154340.599999998,48161.60999999999,0.004019616088909044,81.4729258961534
1885,52,52,True,False,False,603,6,True,4813.54,0.0,0.0,2019,154002426.5,81698.9,0.005240442968777361,97.2427118677526
295,52,52,True,False,False,618,6,True,0.0,0.0,16785.12,2019,5100157.649999999,17288.67,0.0041691304402912575,17.61132857645476
2396,52,0,True,False,False,620,6,False,1439.65,0.0,0.0,2019,290938852.4,121426.9,0.006189733441405458,235.769105126831
1629,52,0,False,False,False,622,6,False,140.0,0.0,396.0,2019,135853240.58999997,83396.70999999999,0.0053586284864028345,122.59818725735381
2528,52,52,False,False,True,623,6,False,0.0,0.0,0.0,2019,201762814.72,79811.24,0.009555939118316585,230.09002718232702
296,52,0,True,True,False,626,6,False,0.0,0.0,0.0,2019,5298441.4399999995,17900.14,0.004457749792861335,21.5105998451828
2313,0,0,False,False,False,627,6,False,0.0,0.0,0.0,2019,187401087.26999998,81020.79,0.007663726571519501,166.68530619268788
4519,26,26,False,False,True,634,6,True,9604.32,10216.92,0.0,2019,2856095894.5499997,632019.45,0.002664670099545183,627.6325278076947
3254,52,0,True,True,False,636,6,False,6726.33,0.0,76356.0,2019,246912250.94,75879.61,0.006336331657715715,71.04089656424912
919,52,0,False,False,False,641,6,False,1343.62,0.0,0.0,2019,25371366.020000003,27607.58,0.003044759462204133,7.688597832559247
489,52,0,False,False,True,694,6,True,17003.16,1443.22,0.0,2019,34799049.3,71163.7,0.0011481505846958416,13.652301912467731
1446,52,52,False,False,True,710,6,True,500.0,0.0,0.0,2019,97766286.83999999,67611.54,0.004678942876137939,69.21000000000001
703,26,26,False,False,True,743,6,True,0.0,565.98,0.0,2019,96497730.86,137265.62,0.0016290639013374797,71.12863385458549
358,26,26,False,False,False,747,6,True,198.22,29.53,0.0,2019,23969911.48,66955.06,0.0017420070491249904,38.0
3541,39,39,True,True,False,758,6,True,34982.31,0.0,142.1,2019,1081198706.51,305337.11,0.003034473262751321,242.43754918347622
752,26,26,False,False,False,765,6,True,0.0,0.0,0.0,2019,63122842.400000006,83939.95000000001,0.003045552526660824,86.9064
211,26,26,False,False,False,770,6,True,500.0,0.0,0.0,2019,6401695.690000001,30339.790000000005,0.002466010211438428,26.529705367571452
4245,26,26,True,True,False,774,6,True,7.88,2280.37,0.0,2019,1226323829.25,288886.65,0.004264501675097203,357.5311036963233
337,52,0,True,False,False,794,6,False,1073.21,272.02,0.0,2019,14397263.45,42721.85,0.0019051904461108297,19.658346730975346
292,26,26,False,False,False,806,6,True,40.0,0.0,0.0,2019,11558606.84,39584.27,0.0022842719202263557,27.999999999999993
6706,0,0,True,True,False,811,6,True,5380.950000000001,16965.56,7228.6,2019,3397706286.66,506666.61,0.0039149548894247205,586.7249337903056
521,26,26,False,False,False,824,6,True,0.0,0.0,0.0,2019,33399137.43,64105.83,0.0020642181406133188,33.61
205,52,52,False,False,True,826,6,True,30.0,0.0,0.0,2019,7441180.2,36298.44,0.0024690131473187674,39.180400000000006
1674,0,0,True,True,False,840,6,False,3493.63,0.0,0.0,2019,187098644.34,111767.41,0.004308925475371645,138.55202775991427
345,26,26,False,False,False,843,6,True,0.0,0.0,0.0,2019,11265581.700000001,32653.86,0.002828129255161125,24.720000000000002
357,26,26,False,False,False,846,6,True,0.0,0.0,0.0,2019,12650291.43,35434.99,0.002649812239408204,24.695999999999998
1438,52,0,True,False,False,888,6,False,0.0,0.0,0.0,2019,70896995.0,49302.5,0.007830509175945665,103.64754100869357
545,26,0,False,False,False,889,6,False,262.0,0.0,0.0,2019,28648900.55,52566.79,0.0026741950358772416,36.258728414910095
1485,26,26,True,False,False,891,6,True,1339.55,0.0,0.0,2019,148308568.65,99871.09,0.006583804723665769,291.1434394945195
437,52,52,False,False,False,904,6,True,1291.4299999999998,0.0,0.0,2019,5604782.83,12825.59,0.007925020559853379,23.64144748103287
2299,26,0,True,True,False,906,6,True,1641.71,0.0,58.4,2019,418658682.31,182104.69,0.004178904423658538,251.9
1207,52,52,False,False,True,917,6,True,4215.98,0.0,0.0,2019,66367317.449999996,54985.35,0.008665718807683399,188.10307825939802
671,26,0,True,False,False,957,6,False,1298.74,0.0,0.0,2019,26104919.5,38904.5,0.006696404428580629,101.14874671311179
2222,26,26,True,False,False,959,6,True,1719.21,0.0,0.0,2019,269653943.02,121356.41,0.0070618581874767345,330.53645925433347
108,52,0,False,False,False,969,6,True,5550.0,7066.61,0.0,2019,8113178.16,75122.02,0.0006225720228053293,20.253027862922966
1799,26,0,True,False,False,970,6,True,0.0,0.0,161.72,2019,132982241.91,73920.09,0.007165530383118128,155.9518368102222
324,52,52,False,False,False,986,6,True,565.0,0.0,0.0,2019,13931206.2,42997.549999999996,0.0011706210785605762,7.819429887945913
842,26,26,False,False,False,988,6,False,19491.61,6270.8,91.0,2019,90044717.74,106941.47,0.003131627443482243,133.20495744908894
2923,52,52,True,False,True,989,6,True,8329.48,5943.94,37627.469999999994,2019,837771114.35,286613.45,0.0034095355449629437,326.70423415609685
2301,52,0,True,True,False,39,7,True,842.82,2227.34,1501.53,2019,296624832.27,128911.27,0.006597840070950543,314.39
3132,26,0,True,True,False,59,7,True,10767.45,347.45,0.0,2019,517638042.71999997,165273.96,0.004779725035426869,199.24752698257853
1494,26,0,True,True,False,128,7,True,256.2,0.0,265.42,2019,140363436.42,93951.43,0.004586789302367806,124.30075709261769
3057,26,26,False,False,False,152,7,True,13856.82,0.0,0.0,2019,573296848.89,187535.77,0.00601340851516963,416.02
7074,52,0,True,False,True,162,7,False,5085.0,32.88,20849.92,2019,2842747594.92,401858.58,0.005984452330807844,817.5799999999999
5150,52,52,True,False,False,166,7,False,5130.97,0.0,69372.91,2019,2387573629.5,463606.53,0.004412010271787663,812.3906
2994,26,26,False,False,True,192,7,False,545.91,0.0,15209.029999999999,2019,393224564.82,131337.53,0.00554163340149599,176.93
7703,52,52,True,True,True,205,7,False,4113.26,5055.16,12086.56,2019,3049008623.7900004,395820.93000000005,0.005293064144860969,569.8386809515304
5430,26,0,True,False,True,212,7,True,4177.8,0.0,851.0,2019,1350417759.6,248695.72,0.005971503344854235,406.16654869306086
6172,52,52,True,True,True,216,7,False,9072.52,0.0,665.0,2019,1936407168.3600001,313740.63,0.0067857593954653425,734.3659375253067
6076,52,0,True,False,False,229,7,False,0.0,0.0,81188.48,2019,3160275915.16,520124.41,0.004313575647384402,828.4599999999999
7121,26,26,True,True,True,236,7,False,2373.71,539.21,131330.90000000002,2019,4543886173.440001,638096.64,0.004312167318916515,1063.22
397,52,52,True,True,True,238,7,False,36.0,0.0,24.0,2019,14224652.92,35830.36,0.0043054646489684,59.944851964987485
19615,26,26,True,True,True,239,7,False,47889.68,33800.84,204609.35,2019,34155653245.1,1741302.74,0.004350121297307125,2925.25
10862,52,52,False,False,True,249,7,True,3005.21,10221.19,0.0,2019,7238006556.18,666360.39,0.005029598637453681,1034.130169477993
4658,52,52,False,False,True,271,7,False,20419.13,19094.3,100875.81000000001,2019,3665364409.379999,786896.6099999999,0.0023899560337228972,759.3039999999999
6185,26,26,False,False,True,275,7,True,3289.22,0.0,70724.68,2019,2481559925.5,401222.3,0.005150592554504103,690.47
1448,52,52,True,True,False,282,7,True,477.0,0.0,0.0,2019,84042006.88,58040.06,0.0068960667117561585,110.63436611728882
1344,52,52,True,False,False,287,7,True,0.0,1008.23,1002.5,2019,163566614.4,121701.35,0.003799285057350874,159.07256423396998
2735,26,26,True,False,False,290,7,True,2775.5,0.0,4228.57,2019,331022355.90000004,121031.94,0.007163880929804726,274.8776164213059
7043,52,52,True,False,False,294,7,False,4532.6,0.0,1414.0,2019,4077357928.7799997,578923.46,0.004672969475714368,1039.1314711563653
10557,52,52,True,False,False,296,7,False,16265.22,0.0,140281.66999999998,2019,9124243971.03,864283.7900000002,0.003362116344126956,799.83
5602,26,52,True,False,False,301,7,True,10981.29,3717.65,512.72,2019,1445990648.86,258120.43,0.006924723405422901,570.3041310256192
4808,26,26,False,False,True,321,7,False,1882.0,1566.51,29784.109999999997,2019,2383409307.28,495717.41000000003,0.002680143173465993,367.12999999999994
3670,26,26,True,False,False,325,7,False,1017.0,0.0,0.0,2019,612651670.2,166935.06,0.006636896123298446,334.47147980231034
1772,26,0,False,False,True,346,7,False,174.75,0.0,18678.99,2019,250853941.96000004,141565.43000000002,0.004449203758790082,223.88000000000002
2581,52,52,False,False,False,358,7,False,0.0,0.0,33885.05,2019,643594856.32,249358.72,0.004047701772934568,394.7099999999999
9845,52,52,True,False,False,361,7,False,4740.35,0.0,8401.06,2019,9314422332.05,946106.89,0.004102056568879688,1529.9173871203998
5118,52,52,True,False,True,376,7,True,1100.0,0.0,428.0,2019,1490434070.8799999,291214.16,0.006215709357967878,640.1858828169917
1846,26,26,True,False,False,382,7,False,5799.469999999999,0.0,19148.469999999998,2019,178494890.34,96692.79000000001,0.005711019371454172,165.19
7370,52,0,True,True,True,389,7,False,6061.17,0.0,807.5,2019,1213808414.5,164695.85,0.015357152710928145,867.9990100809814
3266,52,52,True,True,True,434,7,True,3430.5600000000004,0.0,0.0,2019,426990863.21999997,130738.17,0.00695944158260036,253.476329935198
3602,52,0,False,False,False,437,7,True,2265.66,0.0,0.0,2019,869128669.16,241290.58,0.004346523928173857,305.3663484528644
5965,26,0,False,False,True,502,7,True,4398.4,0.0,0.0,2019,1729541549.85,289948.29,0.005942761823312707,497.74545729062567
3244,52,0,True,False,False,503,7,False,3343.5499999999997,0.0,33972.22,2019,680125750.88,209656.52,0.005373308588953029,391.21857403239244
4830,52,0,True,False,True,510,7,False,2207.71,0.0,1071.0,2019,1244564985.3,257673.91,0.0060748434386856285,507.2989272180541
14519,52,52,False,False,True,531,7,True,17715.69,52.89,2609.74,2019,8886355837.47,612050.13,0.008770302420423625,1984.5700000000002
3684,0,0,False,False,False,550,9,False,3618.56,0.0,1281.74,2019,1695862130.1599998,460331.74,0.0020511883723476126,242.01000000000002
1490,26,26,True,False,True,551,7,False,1513.83,43.72,72.0,2019,173281293.3,116296.17000000001,0.004110765891480582,153.387526759557
5370,52,71,True,False,True,555,7,True,16876.059999999998,2390.61,497.7,2019,2541846593.7000003,473342.01,0.0035223904667660857,517.6673921763112
3239,52,52,True,False,False,556,7,False,1238.13,0.0,73939.33,2019,811065811.36,250406.24,0.004710634606239782,429.57419276527327
2862,52,52,True,False,False,558,7,True,373.65,0.0,9049.75,2019,678602037.0600001,237107.63,0.004457765856539866,390.35157563140444
4222,52,52,False,False,True,600,7,False,10432.490000000002,0.0,0.0,2019,1177588967.2599998,278917.32999999996,0.0064008397928740374,754.93
5624,26,0,True,True,False,604,7,True,5530.700000000001,1621.27,4684.65,2019,1238116345.0400002,220148.71000000002,0.007732799741877362,515.3004296156357
3234,26,26,True,False,True,612,7,True,3898.04,10450.54,6701.21,2019,956040125.0400002,295621.56000000006,0.004150290964070629,465.46741427569935
548,52,52,False,False,False,635,7,False,1890.58,0.0,0.0,2019,19973712.24,36448.38,0.004895534496597205,58.100000000000016
1230,26,0,True,True,False,642,7,False,72.0,0.0,0.0,2019,70507265.39999999,57322.979999999996,0.0070136548202740946,131.41386363582228
75,52,0,False,False,True,643,7,False,1320.0,77.97,0.0,2019,1794505.5000000002,23926.74,0.0010306312954252406,8.107975896153388
1944,52,52,True,True,False,711,7,False,71.49,6214.61,6079.57,2019,454158077.04,233620.41,0.00403322875018791,456.7000000000001
3372,52,0,True,True,False,712,7,True,884.6800000000001,0.0,0.0,2019,991602320.28,294069.49,0.0053452956129996475,732.7500000000001
267,52,52,False,False,True,718,7,True,1150.0,0.0,0.0,2019,6194795.16,23201.48,0.0040575944529534745,33.19383210090193
1410,52,0,True,True,False,736,7,False,2343.86,0.0,198.0,2019,155949257.10000002,110602.31000000001,0.0037591303303222165,122.5981872573538
3722,52,52,True,True,False,757,7,False,2010.74,0.0,29075.73,2019,1044819741.1999999,280714.6,0.0049815927159616935,525.4000000000001
20585,52,52,False,False,True,786,7,False,23382.02,51535.21,214655.14,2019,33207794459.2,1613203.52,0.004933971025066404,3077.6600000000008
5880,52,52,True,False,False,854,7,True,14170.43,0.0,37955.19,2019,3084050356.7999997,524498.36,0.0044566494676786085,929.24
1605,52,52,True,False,False,855,7,True,2344.92,0.0,7037.0,2019,220974634.5,137678.9,0.003624056686625659,155.11353756998295
207,26,26,False,False,True,862,7,False,315.0,0.0,8232.5,2019,2308524.0300000003,11152.29,0.004532882231959094,12.345441747052517
1977,52,52,True,False,False,958,7,False,598.94,175.47,311.52,2019,194993269.53,98630.89,0.0101666735656033,508.60074662379424
1131,52,52,True,True,False,967,7,False,1408.8000000000002,1587.16,0.0,2019,90382111.95000002,79913.45000000001,0.005256220621767607,155.9999026140288
7567,52,52,True,True,False,971,7,False,1007.43,90.06,96935.22,2019,4376312249.26,578341.78,0.004482981107232027,888.3399999999999
204,52,0,False,False,False,975,7,False,0.0,798.33,0.0,2019,15501292.92,75986.73,0.001034961755772862,30.31753918065976
280,52,52,False,False,False,976,7,False,1185.7,608.12,0.0,2019,10500954.8,37503.41,0.002497095052871345,31.32229912468739
311,52,0,True,True,True,977,7,False,0.0,0.0,0.0,2019,18927568.849999998,60860.35,0.0019884852225080163,47.09266172442538
297,52,0,False,False,True,979,7,False,0.0,1093.43,0.0,2019,31216882.950000003,105107.35,0.0025980082859323917,251.0676674050256
395,0,0,True,True,False,981,7,False,0.0,2876.56,26983.0,2019,44990326.199999996,113899.56,0.00248316790031337,202.51591950101226
0,52,52,False,False,False,983,7,True,0.0,0.0,0.0,2019,0.0,32152.06,0.0,75.89778163308944
174,52,0,False,False,True,984,7,False,2345.92,0.0,2612.0,2019,1266107.52,7276.4800000000005,0.008553330084063705,22.26198554245564
1914,0,0,False,False,False,188,8,False,0.0,433.71,8053.0,2019,260803305.17999998,136260.87,0.0039560730536052306,151.82
1833,0,0,False,False,False,232,8,False,1050.0,0.0,0.0,2019,219485069.7,119740.9,0.0035744973608745254,99.9430347802787
3346,0,0,False,False,False,245,8,False,9469.89,1357.48,0.0,2019,2077741495.3400002,620962.79,0.001436341320614191,237.75000000000003
1794,0,0,False,False,False,372,8,False,0.0,0.0,0.0,2019,154738814.88,86253.52,0.0054812042353355435,124.59
1932,0,0,False,False,False,375,8,False,0.0,8283.35,0.0,2019,431373405.11999995,223278.15999999997,0.0025104079111847298,162.62
5050,0,0,False,False,False,404,8,False,2100.0,10411.17,16226.76,2019,1458087914.0000002,288730.28,0.005273428065867096,459.070449904728
1633,0,0,False,False,False,413,8,True,1245.12,1579.27,110.0,2019,146910901.73,89963.81,0.003936460180806709,76.8
163,0,0,False,False,False,537,8,True,45.0,0.0,0.0,2019,1314976.42,8067.34,0.004952185419312055,9.791898688508848
219,0,0,True,False,False,545,8,False,90.0,0.0,0.0,2019,1751745.96,7998.84,0.007117606711012994,14.80055082767655
318,52,0,False,False,False,602,8,True,454.0,0.0,0.0,2019,8228195.9399999995,25874.829999999998,0.0026945855554233846,15.286633204362733
136,0,0,True,False,False,605,8,True,110.0,0.0,0.0,2019,1121495.4400000002,8246.29,0.004846237635423197,11.743233894780039
326,0,0,True,False,False,607,8,True,175.0,0.0,0.0,2019,4032597.18,12369.93,0.0061266695887542645,17.618373107885347
0,0,0,True,False,False,610,8,False,200.0,0.0,0.0,2019,0.0,39195.149999999994,0.0,75.67152934976775
302,0,0,False,False,False,611,8,False,400.0,0.0,0.0,2019,11154333.76,36934.88,0.00209260484612292,19.780665332856973
1676,0,0,True,False,False,616,8,False,1915.17,993.09,0.0,2019,437639013.87999994,261121.12999999998,0.0020134073687525437,164.92
40,52,52,False,False,True,637,8,True,0.0,0.0,0.0,2019,965266.4,24131.66,0.0008756240829720381,11.1622
95,0,0,False,False,False,638,8,True,750.0,0.0,0.0,2019,1826812.95,19229.61,0.001717557100304488,11.482586231848506
75,0,0,False,False,False,639,8,False,50.0,0.0,0.0,2019,1465312.5,19537.5,0.002292321574380163,26.74408859711801
93,0,0,False,False,False,645,8,False,9636.0,0.0,0.0,2019,493537.05000000005,5306.85,0.0038284127547648836,4.438417839704656
518,26,0,False,False,True,706,6,True,805.0,0.0,0.0,2019,32464111.540000003,62672.030000000006,0.0027180369666337783,56.01811393598729
730,0,0,False,False,False,709,8,False,300.0,0.0,0.0,2019,31632440.3,43332.11,0.005209634070486333,69.80897350244135
737,0,0,False,False,False,714,8,False,0.0,0.0,0.0,2019,46505606.510000005,63101.23,0.0032136058742069065,55.7947565440038
323,0,0,False,False,False,749,8,False,300.0,0.0,0.0,2019,1418112.1199999999,4390.44,0.020541040521370433,25.180157901631535
753,0,0,False,False,True,764,8,True,0.0,0.0,0.0,2019,8797058.040000001,11682.68,0.009157497335355168,15.2
2273,0,0,False,False,False,775,8,True,12506.0,183.93,0.0,2019,205311975.39000002,90326.43000000001,0.006204159320361039,138.1643949480029
221,0,0,False,False,False,790,8,True,45.0,0.0,0.0,2019,1782882.1400000001,8067.34,0.005766326532860232,9.791898688508848
2375,26,26,True,True,True,795,8,True,7238.18,3868.13,18454.21,2019,621168401.2500001,261544.59000000003,0.002974269873794381,254.79365731271687
142,0,0,False,False,False,796,8,True,47.74,513.06,0.0,2019,3129106.32,22035.96,0.003059054299672484,32.0
445,0,0,False,False,False,797,8,False,15.0,0.0,1159.0,2019,17786730.1,39970.18,0.002605255940997285,24.367612903417886
1253,0,0,False,False,False,801,8,False,1839.0,0.0,0.0,2019,118909512.05000001,94899.85,0.004335078744943918,135.0746846492795
5037,52,52,False,False,True,809,6,True,0.0,12432.36,0.0,2019,2433318436.7100005,483088.8300000001,0.002742448190475077,348.4647917451645
1303,52,0,True,False,False,810,8,False,0.0,529.88,0.0,2019,182507314.03,140067.01,0.0028812038338048417,124.99000000000002
936,52,0,True,False,False,812,8,True,111.74000000000001,513.57,273.0,2019,75771642.96,80952.61,0.002453126961674117,42.13334248631036
550,0,0,False,False,False,818,8,False,54.82,0.0,0.0,2019,8697738.5,15814.07,0.00933796345687091,39.648701095629384
0,0,0,True,False,False,833,8,False,50.0,0.0,0.0,2019,0.0,37299.99,0.0,61.8058421221865
913,0,0,False,False,False,834,8,False,7956.23,686.51,3760.4799999999996,2019,42436650.849999994,46480.45,0.005600861004812048,74.23
2062,52,0,False,False,False,837,8,False,451.81,748.26,0.0,2019,291312431.68,141276.64,0.004276104771893714,176.99
305,0,0,False,False,False,845,8,True,0.0,0.0,0.0,2019,2727846.7999999993,8943.759999999998,0.00400109596977423,4.198540732626815
752,0,0,False,False,False,847,8,False,130.0,438.45,0.0,2019,98657534.56,131193.53,0.001700474240859288,66.18310066095034
1322,0,0,False,False,False,866,8,False,2691.0,0.0,0.0,2019,69119500.88,52284.04,0.008453050634757084,147.75213403001078
272,0,0,False,False,False,871,8,False,460.52,0.0,0.0,2019,3335911.3600000003,12264.380000000001,0.0046997491264227234,12.214386102179349
2343,0,0,False,False,False,873,8,False,950.21,96.37,0.0,2019,172348549.56,73558.92,0.008966473488979079,185.67000000000004
1938,26,0,True,True,False,897,6,True,1198.21,3337.9,84.0,2019,594947899.0799999,306990.66,0.0012198467817610909,72.36142685493733
2490,0,0,True,False,False,905,8,False,850.0,0.0,0.0,2019,152727984.6,61336.54,0.007849452454077952,93.0931930749077
1302,0,0,False,False,False,907,8,False,0.0,2015.74,0.0,2019,23662678.2,18174.1,0.00879507791257439,19.62339855900917
983,0,0,False,False,False,918,8,False,1008.4000000000001,0.0,0.0,2019,89459281.36999999,91006.38999999998,0.002705186221097398,61.65731239133024
1086,0,0,False,False,False,922,8,False,0.0,8092.08,5755.5599999999995,2019,136436938.44,125632.54,0.0018197876072975174,48.13000000000001
1863,0,0,False,False,False,924,8,False,1820.0,0.0,0.0,2019,108504044.91000001,58241.57000000001,0.007212241014569146,94.70954602834345
745,13,13,True,True,False,929,8,False,0.0,0.0,0.0,2019,33732184.5,45278.1,0.0044174175919322765,53.69786622603311
1145,0,0,False,False,False,955,8,True,357.0,0.0,0.0,2019,28300529.9,24716.62,0.009707280221056625,50.276820820063044
365,0,0,False,False,False,973,8,True,0.0,227.86,0.0,2019,3107602.6999999997,8513.98,0.00638688038013776,8.10121114516919
160,0,0,False,False,False,974,8,False,84.03999999999999,237.78,0.0,2019,2398259.1999999997,14989.119999999999,0.0035272017990167965,17.47
451,52,52,False,False,False,978,6,True,2083.34,512.35,0.0,2019,11481025.82,25456.82,0.004171808371696204,25.008086578565763
1218,0,0,False,False,False,985,8,False,2429.0,212.56,0.0,2019,142614864.84,117089.38,0.002415359388394903,65.66761512444921
519,52,52,False,False,False,100,7,True,0.0,0.0,0.0,2019,16118889.21,31057.59,0.003913205584634902,28.45990697955089
7083,0,0,False,False,False,159,9,False,568.37,0.0,0.0,2019,1173291512.85,165648.94999999998,0.013651124211175869,721.9331253483386
3453,0,0,True,False,False,173,9,False,4163.41,1637.07,0.0,2019,631670480.46,182933.82,0.0057238708860371645,317.52
5962,52,52,True,True,False,204,9,True,0.0,0.0,0.0,2019,3112271375.62,522018.01,0.003121355185458087,445.3130098528045
3952,52,52,True,True,False,218,7,False,2301.86,0.0,240.0,2019,790817054.56,200105.53,0.004808441289088914,234.26633373228532
1210,52,0,True,True,False,230,9,False,5225.0,0.0,1799.3000000000002,2019,109291120.39999999,90323.23999999999,0.004513377759624963,137.3463158270811
1225,0,0,False,False,False,277,9,False,200.0,-648.67,5454.62,2019,237089440.0,193542.4,0.0015890098379369435,77.20924891627963
3142,0,0,False,False,False,279,9,False,1398.58,3406.29,796.0,2019,567813191.04,180717.12,0.005200744920195962,281.14056938192215
3697,26,26,True,True,True,331,9,False,2555.73,571.99,0.0,2019,580743429.8499999,157085.05,0.008144665840594248,442.758390639514
4417,52,0,False,False,False,369,9,False,2836.92,1818.73,0.0,2019,1921667793.92,435061.76,0.002947656024887468,372.3299999999999
1200,0,0,True,True,False,416,9,False,0.0,0.0,67.5,2019,75687720.0,63073.1,0.004369059157920809,63.282402387757536
5200,52,0,False,False,True,420,7,True,5851.07,0.0,167.0,2019,889761808.0,171108.04,0.00780507711117811,342.9982353550328
708,0,0,False,False,False,508,9,False,0.0,13.17,0.0,2019,55654980.839999996,78608.73,0.0030940345799032164,83.552342128141
3973,0,0,True,False,False,512,9,False,36462.04,0.0,3670.08,2019,951537592.1899999,239501.03,0.003801547205674507,208.6493236810766
3874,52,52,False,False,True,516,9,False,113.29,495.72,144.16,2019,624798061.42,161279.83,0.006804227976496537,310.85525259616537
2821,0,0,True,False,False,521,9,False,22029.5,4123.68,79.65,2019,995839066.04,353009.24,0.0016832360410288624,125.15814085387639
1410,0,0,False,False,False,522,9,False,1617.31,1469.14,84.0,2019,169569998.1,120262.41,0.002725023942287072,76.16954080028582
6098,0,0,False,False,False,523,9,False,0.0,515.08,856.49,2019,1920527475.3400002,314943.83,0.0065524009552168595,698.3605833571513
2170,0,0,False,False,False,527,9,False,2316.0,364.22,150.0,2019,284244350.6,130988.18000000001,0.004402704613090319,153.2652081576754
1135,0,0,False,False,False,543,9,False,0.0,0.0,0.0,2019,52952494.3,46654.18,0.006441709230191047,79.5769875669882
2562,52,52,True,True,False,547,9,False,2415.0,782.37,0.0,2019,304727636.21999997,118941.31,0.00630811267501952,219.72789419435512
1689,51,51,True,True,False,552,9,False,581.46,1434.17,0.0,2019,236078049.53999996,139773.86,0.0032582773495955794,122.80000000000001
3065,52,52,True,True,False,567,9,False,2648.7200000000003,681.64,0.0,2019,704421563.35,229827.59,0.00456601892956153,359.29341894128856
4153,0,0,True,True,False,629,9,False,1178.51,2850.4,3864.35,2019,700663469.33,168712.61000000002,0.0059062813018256125,239.09
3565,0,0,True,False,False,630,9,False,495.48,4687.59,2804.11,2019,843057117.9,236481.66,0.0032805317834188876,168.81999999999996
1261,0,0,False,False,False,771,9,False,0.0,0.0,0.0,2019,89464557.91,70947.31,0.0061345071586946555,150.21598015362628
601,0,0,True,True,False,830,9,True,0.0,155.87,0.0,2019,17603344.09,29290.09,0.0033613568024507346,16.12858136239133
804,0,0,False,False,False,936,9,False,22.68,0.0,0.0,2019,58580565.60000001,72861.40000000001,0.002474892498808364,40.44377200785995
791,0,0,False,False,False,952,9,False,0.0,328.89,1518.3,2019,56126014.07,70955.77,0.002921328563582519,54.32
699,52,24,False,False,False,982,9,True,0.0,0.0,0.0,2019,97522844.33999999,139517.65999999997,0.0019576649993919702,106.72298014171727
3159,1,1,False,False,False,987,9,False,235.0,1.78,0.0,2019,341241340.05,108021.95,0.010396427499929155,399.24791654162203
508,52,52,False,False,False,998,9,False,0.0,12991.96,0.0,2019,108734092.92,214043.49,0.0006959804990125177,43.685214957723
228656,52,52,True,False,True,1,1,True,124871.93,18665.08,435756.04,2020,2405500757517.6,10520173.35,0.008728616865757882,36876.869999999995
239515,52,52,True,False,False,6,2,False,368262.5,335409.2,3436612.88,2020,4506749048714.949,18816145.33,0.005290259679317614,41369.719999999994
15286,26,52,True,True,False,8,5,True,3421.45,973.4,161882.22,2020,15078939206.919998,986454.2199999999,0.005390759884135473,1849.95
40968,52,0,True,True,True,12,4,True,94052.06,14075.0,511071.68999999994,2020,130959796757.76001,3196636.3200000003,0.004555938798017501,5177.229999999999
55353,52,52,True,False,False,14,3,False,98419.98,42164.47,102438.22,2020,139932220708.65,2527997.05,0.010282250344512222,12206.42
168187,26,52,False,False,True,18,2,False,313237.22,146728.28,2290745.28,2020,1585428585517.01,9426582.23,0.005931898039217713,18591.030000000002
862398,26,52,True,True,False,20,1,True,1039323.49,675316.55,8922940.979999999,2020,58362080959103.94,67674184.03,0.004422256835327252,103854.72
35580,52,52,True,True,False,21,4,False,71306.56,2625.75,353045.89,2020,133592614889.40002,3754710.9300000006,0.0035859594824881836,5095.16
30676,52,52,False,False,True,34,4,False,15831.84,206.79,351893.51,2020,62952787794.72001,2052183.7200000002,0.005566711493214554,4254.33
50607,26,26,True,False,True,36,3,True,21935.42,158371.49,586758.02,2020,346775453381.16,6852321.88,0.002172250389425358,4378.09
2301,26,0,True,True,False,39,7,True,1833.67,2227.34,2125.68,2020,301232262.63,130913.62999999999,0.006119320742395211,278.90708471167216
9630,26,52,True,True,True,41,5,False,12488.050000000001,937.14,142187.36,2020,5514321740.4,572619.08,0.006770026163940276,1560.5800000000002
186466,42,52,True,False,False,50,1,False,217068.83000000002,234068.13,2017716.84,2020,2197269184341.7002,11783752.450000001,0.005580247755714421,23188.600000000002
205175,52,52,True,False,False,53,2,False,180455.44,128733.44,2925233.89,2020,2253992790729.4995,10985708.739999998,0.007513564499463714,33206.55000000001
34485,52,52,True,False,False,55,3,False,1774.02,0.0,64044.21,2020,51357570438.9,1489272.74,0.007457486109299493,3576.8699999999994
14029,52,52,True,False,False,56,5,False,5083.49,335.97,2794.04,2020,11207433788.93,798876.17,0.007670061636068453,2676.2700000000004
3153,35,0,True,True,False,59,7,True,16218.09,347.45,0.0,2020,528760811.58000004,167700.86000000002,0.00518157707635579,239.48070840653946
10125,52,52,True,False,False,67,5,False,24765.81,0.0,0.0,2020,1962192397.5,193796.78,0.018875968026516796,1321.6502663569977
80356,52,52,True,True,False,87,4,False,60901.369999999995,8710.94,686591.92,2020,405051239725.04,5040709.34,0.005544769891884952,9721.472600000001
36721,52,52,True,False,True,88,4,False,72210.59,0.0,458413.27999999997,2020,120910614646.26,3292683.06,0.00422076439313943,5259.78
50202,52,52,True,False,True,89,4,False,31077.17,5242.56,409225.55,2020,258236572879.79996,5143949.899999999,0.003244610226276129,5548.78
384556,52,52,True,False,True,97,1,True,1210422.31,567512.18,4915762.76,2020,11348835823004.32,29511529.72,0.005042863619836311,57594.14
533,52,52,False,False,False,100,9,True,0.0,0.0,0.0,2020,16835327.34,31585.98,0.004377625188937603,35.870600930990655
35096,26,26,True,False,True,103,3,True,3103.68,0.0,318215.1499999999,2020,69216593016.16,1972207.46,0.0061472605925335785,4188.040000000001
48698,26,26,True,False,True,123,3,False,67022.31999999999,134.27,176619.0,2020,145113898208.24,2979873.88,0.006155830409439977,6909.68
1494,26,0,True,True,False,128,7,True,221.53,0.0,305.25,2020,175292245.07999998,117330.81999999999,0.003766529960315985,130.7243427248951
22617,26,26,True,False,True,143,4,False,34919.81,3521.28,384202.12,2020,21594609371.16,954795.48,0.008670043813946338,3029.9
3194,26,26,True,False,False,152,7,True,13468.85,0.0,0.0,2020,536671530.59999996,168024.9,0.006257001122312822,346.0547741804485
3876,26,26,True,True,False,157,5,True,1103.25,0.0,140.0,2020,578004934.08,149124.08000000002,0.008097575024651001,376.2025606680776
6883,0,0,False,False,False,159,9,False,429.37,0.0,0.0,2020,2045419526.91,297169.77,0.007787937093610783,778.1733553684041
8511,52,52,True,False,False,162,7,False,2772.35,35.08,25872.33,2020,4491886811.97,527774.27,0.006126867659621484,1228.5500000000002
5220,52,52,True,False,False,166,7,False,7116.65,0.0,66467.06,2020,2598936262.2000003,497880.51,0.004197257653253692,836.5868
232615,52,52,False,False,True,172,1,False,283972.81,147806.6,2082958.0499999998,2020,3730841891122.0503,16038698.670000002,0.005334331760846911,31467.38000000001
3453,0,0,True,False,False,173,9,False,3506.56,1637.07,0.0,2020,745630944.42,215937.13999999998,0.005009938062100039,338.94
42744,52,52,False,False,True,179,3,False,72701.22,427.93,2380.28,2020,126541802646.48001,2960457.6700000004,0.005061590104247319,5253.110000000001
73743,52,52,True,False,False,183,4,True,84402.47,2284.61,335329.55999999994,2020,538960059475.52997,7308626.71,0.0039445263631208444,11270.430000000002
72080,52,52,True,True,False,186,4,True,41572.36,226114.04,1707314.1,2020,586502428171.2,8136826.14,0.003454939373494576,10964.179999999998
1916,0,0,True,False,False,188,8,False,0.0,310.73,8321.23,2020,265338428.75999996,138485.61,0.0042033507959912935,176.84999999999997
34688,26,26,True,True,True,190,4,False,29370.629999999997,29908.4,324577.79000000004,2020,78815233346.56,2272118.12,0.00471910754706704,3314.379999999999
3116,26,26,False,False,True,192,7,False,757.4,0.0,18483.46,2020,517759234.0,166161.5,0.005138862164698411,233.99
5989,52,52,True,True,False,204,9,True,0.0,0.0,0.0,2020,3082690540.38,514725.42000000004,0.0037235070830421825,613.3400000000001
7749,52,52,True,True,True,205,7,False,4919.55,5516.57,0.0,2020,3550423026.7799997,458178.22,0.00440040326085739,524.5757088363338
5484,26,0,True,False,True,212,7,True,3883.08,0.0,699.0,2020,1471091445.36,268251.54,0.006017700843189265,475.1690984419446
22406,52,52,False,False,True,214,5,True,13747.2,561.24,758449.07,2020,45552777761.48,2033061.58,0.004193319925994968,3243.79
6220,52,52,True,True,True,216,7,False,8609.22,0.0,475.0,2020,2196866431.2000003,353193.96,0.0068067004195454745,929.2004782208767
3970,52,52,True,True,False,218,9,False,2594.88,0.0,90.0,2020,875361378.5,220494.05,0.004612116848827382,260.497671593631
3185,52,52,True,False,True,223,5,False,2406.59,1925.54,239.17,2020,805257498.4999999,252828.09999999998,0.003880144177314618,302.15999999999997
1564,26,26,True,True,False,224,5,False,3387.27,0.0,255.0,2020,136276606.32,87133.37999999999,0.006016587134319954,175.72469366475892
6279,52,52,True,False,False,229,7,False,4235.76,0.0,63559.89000000001,2020,2814616063.3500004,448258.65,0.0051679201254096726,854.6700000000001
1210,52,0,True,True,False,230,9,False,5211.59,0.0,2538.0,2020,150653082.79999998,124506.68,0.0032321356222898483,133.83789165377343
1926,0,0,False,False,False,232,8,False,500.0,0.0,0.0,2020,277226918.46000004,143939.21000000002,0.0029393716690531155,92.94177334180289
18354,26,52,True,False,False,233,5,False,10559.2,289.85,177381.26,2020,14337922165.98,781187.87,0.008331551690821806,2307.98
7278,26,26,True,True,True,236,7,False,2559.74,539.21,123459.02,2020,4955150972.699999,680839.6499999999,0.004223823655945295,1136.29
399,52,52,True,True,True,238,7,False,0.0,0.0,0.0,2020,9398820.059999999,23555.94,0.005792256601972115,46.657726140452525
19545,26,26,True,True,True,239,7,False,45691.54,31261.58,294548.64,2020,35571235079.1,1819965.98,0.004236442669564531,3041.5400000000004
3343,0,0,False,False,False,245,8,False,9669.02,1703.47,0.0,2020,2372509749.8300004,709694.81,0.0012202258952761713,224.32999999999998
10910,52,52,False,False,True,249,7,True,2500.0,13565.14,0.0,2020,8682551122.0,795834.2,0.004476049992379177,1163.081916211043
446067,0,0,True,False,True,270,1,True,798101.4099999999,1517633.86,185109.55,2020,16090931341478.793,36072902.370000005,0.005130398877551914,76782.87
4658,52,52,True,False,True,271,7,False,24646.38,18563.6,186887.22999999998,2020,4123955688.58,885349.01,0.002236739930394764,841.8999999999999
2493,52,52,True,True,True,272,5,False,3127.2,0.0,0.0,2020,259237571.67000002,103986.19,0.008877488802599181,341.82932719960894
6185,26,26,False,False,True,275,7,True,3549.12,0.0,81956.40999999999,2020,2883236709.9999995,466165.99999999994,0.004438846731613787,692.28
1408,0,0,False,False,False,277,9,True,771.63,-648.67,0.0,2020,292006021.12,207390.64,0.0017851723580010277,97.35
2866,0,0,False,False,False,279,9,False,1308.11,3406.29,106.0,2020,509337208.6,177717.1,0.00537448047204829,318.3136246598316
1450,52,52,True,True,False,282,7,False,467.0,0.0,0.0,2020,94572248.00000001,65222.240000000005,0.006543761218433048,125.62564520141214
1344,52,52,True,False,False,287,7,True,0.0,1008.23,102.0,2020,153401619.84,114138.11,0.003969463421443434,152.73047186443503
2735,26,26,True,False,False,290,7,True,2775.5,391.07,19503.5,2020,652106186.75,238430.05,0.003929495860362158,320.95069482223556
35319,52,52,False,False,True,293,3,False,100880.48999999999,2294.68,686860.16,2020,111070011192.20999,3144766.59,0.00471563162031027,6226.56
7287,52,52,True,False,False,294,7,False,4026.3,0.0,746.0,2020,4752964696.2,652252.6,0.004333147822132199,1096.2002031679945
10606,52,52,True,False,False,296,7,False,18305.55,0.0,122809.44,2020,9342494174.62,880868.77,0.0033099113473895334,801.5000000000001
5676,26,52,True,False,False,301,7,True,12870.560000000001,3717.65,37594.66,2020,2692974737.64,474449.39,0.003960313767479722,622.008886639346
4895,52,52,False,False,True,321,7,False,1424.64,5039.53,20867.23,2020,2188076650.1,447002.38,0.00424506574656533,735.59
56270,52,52,True,False,False,324,4,False,65348.920000000006,42800.81,692318.7,2020,276890578866.60004,4920749.580000001,0.004133482898111853,7352.21
3535,52,52,True,False,False,325,7,False,11363.55,0.0,420.0,2020,1094968795.1999998,309750.72,0.003767482393386411,385.24560579854733
3718,26,26,True,True,True,331,9,False,2203.1099999999997,571.99,0.0,2020,643751176.64,173144.48,0.006821143395901254,375.1649646506753
143484,28,28,True,False,True,335,2,True,87626.91,4800.82,2164273.07,2020,2098374613931.64,14624450.209999999,0.004204822668807641,26354.269999999993
1801,26,0,False,False,True,346,7,False,2686.87,0.0,17890.460000000003,2020,326562308.77,181322.77,0.0035320282586664793,227.74
202483,52,52,True,False,False,357,2,False,250002.55,169605.53,3863038.7800000003,2020,3084285696672.92,15232319.24,0.005600747374316607,35944.74999999999
2581,52,52,True,False,False,358,7,False,0.0,0.0,25760.270000000004,2020,651052862.3000001,252248.30000000002,0.0036538396907968194,329.13
10165,52,52,True,False,False,361,7,False,6598.13,0.0,9561.06,2020,10641899411.95,1046915.8300000001,0.003925215183281959,1661.2809709614248
4485,26,0,False,False,False,369,9,False,2478.26,1818.73,0.0,2020,1993229351.1000001,444421.26,0.0030949606298081365,421.8299999999999
2283,0,0,False,False,False,372,8,False,0.0,0.0,0.0,2020,272655676.44,119428.68,0.004847383177145137,146.79999999999998
1952,0,0,False,False,False,375,8,False,0.0,8283.35,0.0,2020,484543125.12,248229.06,0.002290985428471694,165.68000000000004
5158,52,52,True,False,False,376,7,True,1100.0,0.0,240.0,2020,2078549589.0399997,402975.87999999995,0.004815933046571757,730.1929708766542
1858,26,26,True,False,False,382,7,False,5277.76,0.0,17625.36,2020,207776442.57999998,111828.01,0.005739249496150828,221.70000000000002
7409,52,0,True,True,False,389,7,False,9965.86,0.0,612.0,2020,4648729261.950001,627443.55,0.0039849317765439365,843.7844249084334
7013,26,26,False,False,True,394,6,False,3037.5699999999997,0.0,18641.16,2020,2953316453.5099998,421120.26999999996,0.004533641762977541,519.76
5078,0,0,False,False,False,404,8,False,1800.8200000000002,10411.17,10126.56,2020,1726476583.1000001,339991.45,0.005293684544565302,637.9100000000001
1657,0,0,False,False,False,413,8,True,48.0,578.81,44.0,2020,117131291.89,70688.77,0.005243731862672687,82.92
3650,26,26,False,False,True,414,6,True,11191.0,2061.0,12694.75,2020,789165806.5,216209.81,0.003864142204284784,191.23356743937205
1200,0,0,True,True,False,416,9,False,1074.3899999999999,0.0,0.0,2020,103702895.99999999,86419.07999999999,0.0032849565080845036,67.15792654375437
5295,52,0,False,False,True,420,9,True,6698.7,0.0,144.32,2020,1936068300.7500002,365640.85000000003,0.003971574956903044,398.26210274242214
5642,52,52,False,False,False,426,6,False,2500.0,0.0,0.0,2020,1037737855.7,183930.85,0.009149041546651469,501.9116466693939
3034,52,52,True,False,False,427,5,False,817.62,0.0,34068.35,2020,719689891.18,237208.27,0.004854600106572978,437.07000000000005
48603,26,26,True,False,True,429,4,False,29956.699999999997,705.98,266727.62,2020,73205582948.21999,1506194.7399999998,0.009269712891390237,4010.8068
17740,52,52,False,False,True,430,6,True,24524.7,22367.31,40.0,2020,31071397652.199997,1751488.0299999998,0.0040259236218489584,2802.797971361531
3307,52,52,True,True,True,434,7,True,5210.62,0.0,0.0,2020,442826116.83,133905.69,0.007192893748333265,280.524733594329
3639,52,0,False,False,False,437,7,True,2181.27,0.0,0.0,2020,898814149.98,246994.82,0.004646264670866791,361.91078539818915
416843,52,52,False,False,True,441,2,False,174752.23,13327.43,6993295.83,2020,9339636887325.781,22405646.46,0.007081779971285464,60398.659999999996
69,52,52,False,False,False,443,6,True,0.0,0.0,0.0,2020,1092172.02,15828.58,0.002036549993846099,15.06
5936,26,0,False,False,False,502,7,True,5325.13,0.0,41271.96,2020,2899618051.68,488480.13,0.0037260506420069583,558.0812340973678
3267,52,0,False,False,False,503,7,False,2855.92,0.0,32661.7,2020,727148506.59,222573.77000000002,0.005258012110090754,419.22
711,0,0,False,False,False,508,9,False,0.0,13.17,0.0,2020,69802097.94,98174.54,0.0018874315334776555,48.291485223038684
5982,52,52,True,False,False,510,7,False,1419.55,0.0,49771.329999999994,2020,2473123364.82,413427.51,0.004309997482643178,530.77
4018,0,0,True,False,False,512,9,False,35331.79,0.0,6960.49,2020,995305048.08,247711.56,0.004011348926203102,245.73300839515295
3894,52,52,False,False,True,516,9,False,79.39,470.0,48.06,2020,596658967.74,153225.21,0.008609928354444697,446.9547719977193
2701,0,0,True,False,False,521,9,False,10722.25,4123.68,26.55,2020,987566251.8599998,365629.8599999999,0.0016454776484174359,134.01169581149534
1414,0,0,False,False,True,522,9,False,2000.64,1469.14,36.0,2020,178792480.58,126444.47,0.002586422015835432,75.63956944058462
6098,0,0,True,False,False,523,9,False,5282.67,515.08,165.92,2020,2181011289.7999997,357660.1,0.005458675673967515,625.0692728311548
4478,52,52,True,False,False,524,5,False,8356.21,0.0,30004.35,2020,1573297430.18,351339.31,0.004327620746853742,516.2591798893394
2170,0,0,False,False,False,527,9,False,2992.33,364.22,0.0,2020,286426263.90000004,131993.67,0.00439380296215507,154.99854785641855
15019,52,52,False,False,True,531,7,True,16142.38,424.04,4289.12,2020,9166011443.410002,610294.3900000001,0.008629888268887756,1846.9199999999996
150,0,0,False,False,False,537,8,True,61.14,0.0,0.0,2020,1375792.5,9171.95,0.004596675853484021,11.85004110738747
1134,0,0,False,False,False,543,9,False,0.0,0.0,0.0,2020,97759872.0,86208.0,0.0034809646848010132,79.41111966315053
219,0,0,True,False,False,545,8,False,90.0,0.0,0.0,2020,1778496.81,8120.99,0.007239125181371551,15.781417521151385
2562,52,52,True,True,False,547,9,False,2442.5,782.37,0.0,2020,444222489.9,173388.94999999998,0.0043322373345850975,220.2359384573456
3684,0,0,False,False,False,550,7,False,1334.58,0.0,799.83,2020,1708399740.0,463735.0,0.0022651428679251492,299.51
1490,26,26,True,False,False,551,7,False,1538.35,43.72,0.0,2020,293905792.9,197252.21,0.002540766864084987,168.57265257450146
1689,52,52,True,True,False,552,9,False,0.0,1422.39,0.0,2020,263520600.62999997,156021.66999999998,0.0030627972498907243,135.2
5370,26,26,True,False,True,555,7,True,17984.449999999997,2390.61,331.81,2020,3014575641.299999,561373.4899999999,0.003406998486346727,681.1980488222207
3249,52,52,True,False,False,556,7,False,2434.6400000000003,0.0,417.72,2020,1075402819.9799998,330995.01999999996,0.0035265020352688217,419.3546717514765
2862,52,52,False,False,True,558,7,True,237.6,0.0,0.0,2020,1621601157.7799997,566597.19,0.0019368129020586827,420.7794699722357
460,26,0,True,False,False,562,6,False,656.04,0.0,0.0,2020,21181670.599999998,46047.10999999999,0.0043457071571903405,87.0498123950294
3845,52,52,True,False,False,565,5,False,7302.75,793.43,560.0,2020,1353339376.3500001,351973.83,0.0038989357517453774,489.7974968761754
3065,52,52,True,True,False,567,9,False,2208.76,681.64,0.0,2020,661204419.7,215727.38,0.0050309970647715065,384.31575355473507
4433,52,52,True,False,False,600,7,True,9440.59,0.0,0.0,2020,1407863658.6299999,317587.11,0.005565531201257505,704.7600000000001
38435,52,52,True,False,False,601,4,False,49280.0,10965.91,226301.41999999998,2020,115678584356.5,3009719.9,0.004748145592768913,5313.41
1891,52,52,True,False,False,603,6,True,5613.88,0.0,0.0,2020,154568278.80999997,81738.90999999999,0.005426884057705144,104.05602741882994
5624,26,0,True,True,False,604,7,True,6461.87,1621.27,440.0,2020,1201722653.68,213677.57,0.00820300924673961,546.2846059247851
136,0,0,True,False,False,605,8,True,61.14,0.0,0.0,2020,1256081.04,9235.89,0.004308659453172608,11.64401978742645
328,0,0,True,False,False,607,8,True,61.14,0.0,0.0,2020,4543557.680000001,13852.310000000001,0.005465207574535303,17.473660100397495
1166,0,0,True,False,False,610,8,False,716.99,92.82,0.0,2020,45457431.13999999,38985.78999999999,0.007595237713399258,75.1963688383937
302,0,0,True,False,False,611,8,False,400.0,0.0,0.0,2020,7071864.54,23416.77,0.0027175311257119574,13.40899076824702
3309,26,26,True,False,False,612,7,True,3916.95,8505.52,6380.83,2020,1067609505.9900001,322638.11000000004,0.0038450087893431737,465.08168418311243
1054,26,26,False,False,True,613,5,False,0.0,0.0,0.0,2020,124846816.46,118450.48999999999,0.0033819375018482667,152.25244216441206
1676,0,0,True,False,False,616,8,False,1397.44,1318.27,0.0,2020,369962452.32,220741.32,0.002490366574217956,180.31
295,52,52,False,False,True,618,6,False,0.0,0.0,0.0,2020,5202159.8,17634.44,0.004334475781243308,19.8049837724141
2396,52,0,True,False,False,620,6,False,882.31,0.0,0.0,2020,302867697.8,126405.55,0.005619477520331228,210.5898077037784
1629,52,0,False,False,False,622,6,False,150.0,0.0,192.0,2020,173090176.92,106255.48,0.00394259882453419,107.73250716393926
2532,52,52,False,False,True,623,6,False,0.0,0.0,0.0,2020,207082430.52,81786.11,0.009745369149130184,250.89499187949434
297,52,0,True,False,False,626,6,False,100.0,0.0,0.0,2020,5503258.53,18529.49,0.004550830320982711,23.941522726196077
2313,0,0,False,False,False,627,6,False,0.0,0.0,0.0,2020,178713042.92999998,77264.60999999999,0.007894089171198946,160.83836755587546
4166,0,0,True,True,False,629,9,False,231.45,2850.4,20431.0,2020,814544735.32,195522.02000000002,0.004606953622763045,194.76
3584,0,0,True,False,False,630,9,False,629.89,0.0,4655.1900000000005,2020,1028846766.0799999,287066.62,0.002354677556916909,127.4853496890368
4817,26,26,False,False,True,634,6,True,9261.81,10216.92,0.0,2020,2999855873.9499993,622764.3499999999,0.0030329995563325436,740.6542756791191
548,52,52,True,False,False,635,7,False,601.5,0.0,0.0,2020,20736429.599999998,37840.2,0.0046914656396122,57.510000000000005
2195,52,52,False,False,False,636,6,False,100.0,0.0,76680.0,2020,179585768.79999998,81815.84,0.004129781066711839,52.01089419828802
40,52,52,False,False,True,637,8,True,0.0,0.0,0.0,2020,965266.4,24131.66,0.0010261571495226599,15.330000000000002
135,0,0,False,False,False,638,8,True,0.0,0.0,0.0,2020,2348526.1500000004,17396.49,0.002258812952950926,11.437998467465432
919,52,0,False,False,False,641,6,False,937.4200000000001,0.0,0.0,2020,30719743.84,33427.36,0.0025781740586043873,8.081893334069818
1230,26,0,True,True,False,642,7,True,1050.0,0.0,0.0,2020,93626062.5,76118.75,0.004851075390896322,110.8547309775436
75,52,0,False,False,True,643,7,False,1270.0,82.07,0.0,2020,1856941.4999999998,24759.219999999998,0.0009187958120197852,6.900025061560682
112,26,0,False,False,False,644,6,False,5810.39,0.0,0.0,2020,4361644.0,38943.25,0.0005897820420435086,4.710092674264346
97,0,0,False,False,False,645,8,True,0.0,0.0,0.0,2020,866340.9500000001,8931.35,0.003436822958126875,9.71352371519913
508,52,0,False,False,True,694,6,True,5568.1,1443.22,0.0,2020,19695861.040000003,38771.380000000005,0.0025359459388562375,19.03
2495,0,0,True,False,False,696,5,True,600.0,0.0,129.0,2020,292100278.7,117074.26,0.00730048937827303,292.79
519,26,0,False,False,True,706,6,True,897.5,0.0,0.0,2020,32259680.220000003,62157.380000000005,0.0026151294899218118,50.910157288144994
730,0,0,False,False,False,709,8,False,300.0,0.0,0.0,2020,39548866.9,54176.53,0.004176400077959512,70.12997764079938
1446,52,52,True,False,True,710,6,False,0.0,0.0,0.0,2020,109796428.44,75931.14,0.004271209507676047,72.74
1944,52,52,True,True,False,711,7,False,7115.25,6214.61,12751.15,2020,434512440.71999997,223514.62999999998,0.004167214807752954,446.28
3391,52,0,True,True,False,712,7,True,705.5,0.0,0.0,2020,1291710062.55,380923.05,0.0043299902471449735,802.2699999999999
742,0,0,False,False,False,714,8,False,0.0,0.0,0.0,2020,82604745.3,111327.15,0.001779141733194809,52.87122477901159
272,52,52,False,False,True,718,7,True,1275.0,0.0,0.0,2020,6365305.92,23401.86,0.004437118748291576,39.640028044351524
5702,52,52,True,False,False,731,5,False,11293.78,0.0,15317.28,2020,2303766743.68,404027.83999999997,0.005227878598848529,782.4315572325913
1510,52,52,True,True,False,732,5,True,1200.58,0.0,0.0,2020,136755309.3,90566.43000000001,0.0063836532652166616,221.3584626692276
1490,52,52,True,False,False,736,7,False,1309.87,0.0,144.0,2020,251360362.70000002,168698.23,0.0026244982384259164,131.56105718761611
358,26,0,False,False,False,747,6,True,198.22,29.53,0.0,2020,16281553.6,45479.2,0.0025646050610957684,38.00000000000001
323,0,0,False,False,False,749,8,False,0.0,0.0,0.0,2020,4283700.29,13262.230000000001,0.008462093572899752,38.99296278491534
832,52,52,True,True,False,754,5,False,475.0,0.0,0.0,2020,29852509.440000005,35880.420000000006,0.008019732778559942,99.520260711578
3755,52,52,True,True,False,757,7,False,6025.43,0.0,608.0,2020,1045281940.95,278370.69,0.004737130324127547,463.09248804220056
3541,39,39,True,True,False,758,6,True,32214.43,0.0,10.15,2020,1111807606.25,313981.25,0.0033420933049822295,310.9701064330129
24557,52,52,True,False,False,760,4,True,77795.55,634.71,569902.49,2020,39343761557.229996,1602140.39,0.006789454867721965,4818.32
622,0,0,False,False,True,764,8,True,0.0,0.0,0.0,2020,6258582.659999999,10062.029999999999,0.008187509253174225,10.911499538676162
752,26,26,False,False,False,765,6,True,0.0,0.0,0.0,2020,70491562.56,93738.78,0.003130346169696559,114.5
211,26,0,False,False,False,770,6,True,0.0,0.0,0.0,2020,5600897.94,26544.54,0.003556542302770441,42.24
1261,0,0,False,False,False,771,9,False,0.0,0.0,0.0,2020,116694957.60000001,92541.6,0.004707164879327111,150.47963975564835
4245,26,26,True,False,False,774,6,True,2220.28,1241.73,0.0,2020,1397702502.3,329258.54,0.003799967692878163,368.7705323109652
2098,0,0,False,False,False,775,8,True,9347.41,172.53,0.0,2020,262882672.88,125301.56,0.0047831338736925135,171.21134730686416
20930,52,52,False,False,True,786,7,False,21051.8,51295.02,167373.52,2020,32956809995.200005,1574620.6400000001,0.005081243605797895,3058.6
216,0,0,False,False,False,790,8,True,61.14,0.0,0.0,2020,1981000.7999999998,9171.3,0.005516401961906745,11.85004110738747
337,26,0,True,True,False,794,6,False,1077.5,272.02,0.0,2020,16367173.36,48567.28,0.0016997476262844008,20.222113750946736
2466,26,26,True,True,True,795,8,True,4541.29,6119.16,4554.55,2020,493695863.28,200201.08,0.0033198340207591837,179.13172249647664
142,0,0,False,False,False,796,8,True,0.0,513.06,0.0,2020,3575006.1999999997,25176.1,0.002820134969276417,35.5
425,0,0,False,False,False,797,8,False,0.0,0.0,1315.0,2020,18571046.5,43696.58,0.0020092007196302326,18.13646385828356
1253,0,0,False,False,False,801,8,False,1978.0,0.0,0.0,2020,142180967.32,113472.44,0.002823494709309255,81.92258974223245
292,26,26,False,False,False,806,6,True,0.0,0.0,0.0,2020,15967970.360000001,54684.83,0.0019262664372936616,38.00000000000001
5026,52,52,False,False,True,809,8,True,0.0,12432.36,0.0,2020,2263964615.08,450450.58,0.0017678295616095547,126.16898242797926
1299,52,0,True,False,False,810,8,False,0.0,529.88,0.0,2020,208323968.43,160372.57,0.002628942088523124,136.83999999999997
6706,52,52,True,True,False,811,6,True,4844.68,24801.03,3336.7400000000002,2020,4184942336.4,624059.4,0.003290401710542406,628.7618076825127
934,52,0,True,False,False,812,8,True,424.15,513.57,164.5,2020,80388707.52,86069.28,0.002119165584898975,35.618797095482755
550,52,0,False,False,False,818,8,False,50.71,0.0,0.0,2020,10569454.5,19217.19,0.006995356986277114,32.857676017331165
521,26,26,False,False,False,824,6,True,0.0,0.0,0.0,2020,30604087.049999997,58741.049999999996,0.002216592863488152,32.54
205,52,52,False,False,True,826,6,True,0.0,0.0,0.0,2020,7457178.4,36376.48,0.0026680810389760213,45.95000000000001
158,0,0,False,False,False,830,9,True,0.0,0.0,0.0,2020,4646208.04,29406.38,0.0021118879302576507,24.409999999999997
860,0,0,True,False,False,833,8,False,50.0,0.0,0.0,2020,34430254.8,40035.18,0.005460630587366,55.57387943158762
916,0,0,False,False,False,834,8,False,10786.17,686.51,5361.7,2020,48136102.28,52550.33,0.006165985389051825,114.62
2071,52,0,False,False,False,837,8,False,259.0,748.26,0.0,2020,339498781.48,163929.88,0.003871611144478251,194.5
1674,26,26,True,True,False,840,6,False,4222.6,0.0,0.0,2020,269678252.88,161098.12,0.0030925541033274425,148.27232695257985
345,26,26,False,False,False,843,6,True,0.0,0.0,0.0,2020,11206314.15,32482.070000000003,0.00285914284727031,24.999999999999996
304,0,0,False,False,False,845,8,True,0.0,0.0,0.0,2020,834641.1200000001,2745.53,0.007190174652437027,1.2819104353130037
357,26,0,False,False,True,846,6,True,0.0,0.0,0.0,2020,13915320.930000002,38978.490000000005,0.002599130117870744,28.75
543,52,52,False,False,True,914,8,False,532.3,0.0,0.0,2020,10589900.940000001,19502.58,0.008192596434617321,47.014024663782486
6062,52,52,True,False,False,854,7,True,15892.46,0.0,17207.98,2020,4463492185.32,736306.86,0.003401351879591759,1034.6772209405237
1605,52,0,True,False,False,855,7,False,2425.81,0.0,530.0,2020,253194399.6,157753.52,0.0038106094089202687,225.15
233,26,26,False,False,True,862,7,False,330.0,0.0,10454.92,2020,2554509.48,10963.56,0.005026747553169291,13.035311829144867
1321,0,0,False,False,False,866,8,False,2287.35,0.0,0.0,2020,65380860.66,49493.46,0.008622065904548526,137.85276769715003
272,0,0,False,False,False,871,8,False,467.54,0.0,0.0,2020,4090180.96,15037.43,0.004656185694679471,18.023491155764304
2369,0,0,False,False,False,873,8,False,913.93,96.37,0.0,2020,219884041.56,92817.24,0.006692695895365322,162.89000000000007
47845,52,52,True,True,False,878,4,True,130417.56999999999,18558.55,556703.9400000001,2020,174052741870.0,3637846.0,0.0050552879107229574,7068.770000000001
3443,26,26,True,False,False,885,5,False,1102.28,0.0,0.0,2020,446295259.84999996,129623.95,0.0026908037848721723,35.334385264868686
1438,52,0,True,False,False,888,6,False,0.0,0.0,0.0,2020,105362892.72,73270.44,0.005004396135934437,93.49794664651309
548,52,0,False,False,False,889,6,True,137.0,0.0,0.0,2020,29036289.64,52985.93,0.0026614900163081153,36.29027399017052
1492,26,26,True,False,False,891,6,True,1399.81,0.0,0.0,2020,159917856.6,107183.55,0.005954739684248418,273.03166188315413
1938,26,0,True,True,False,897,8,True,3051.41,3381.81,200.0,2020,668820001.68,345108.36,0.0012097545071456525,89.93975179187129
437,52,52,False,False,False,904,6,False,1331.25,0.0,0.0,2020,5598712.9,12811.7,0.00927478248988811,32.31019292050708
2490,0,0,True,True,False,905,8,False,850.0,0.0,0.0,2020,174130007.7,69931.73,0.007304897697571046,104.80390710632473
2311,26,0,True,True,False,906,6,True,3993.66,721.67,38252.3,2020,550758721.7199999,238320.51999999996,0.0029891981363479266,219.59999999999997
1324,0,0,False,False,False,907,8,False,0.0,2015.74,0.0,2020,23477446.04,17732.21,0.007226170359892919,12.40092665345982
4593,52,52,True,False,False,909,5,False,4265.91,0.0,1334.85,2020,851835692.6999999,185463.9,0.008016221220274237,481.24
1207,52,52,True,False,False,917,6,True,440.0,0.0,249.67,2020,65974680.35,54660.05,0.009183493453082552,208.7606404745742
980,0,0,False,False,False,918,8,False,668.63,0.0,0.0,2020,56796135.199999996,57955.24,0.0040226644919188655,55.46090672906836
1086,0,0,False,False,False,922,8,False,0.0,7582.23,7437.3,2020,152687972.76,140596.66,0.002877926501794964,150.75772640800346
512,26,26,False,False,False,923,5,False,282.26,0.0,84.96,2020,16985548.8,33174.9,0.004548914220349132,44.48
1877,0,0,False,False,False,924,8,False,1414.0,7.63,0.0,2020,88681286.33,47246.29,0.007937035638645406,74.91828218603861
745,12,12,True,True,False,929,8,False,2104.29,0.0,0.0,2020,55066876.150000006,73915.27,0.00289712792657576,61.55274245722206
866,0,0,True,False,False,936,9,False,23.98,0.0,0.0,2020,66381065.0,76652.5,0.0024582535404842846,41.00040080660366
791,0,0,False,False,False,952,9,False,474.11,328.89,3120.3,2020,72676613.31,91879.41,0.0023314251483370287,58.01
1145,0,0,False,False,False,955,8,True,357.0,0.0,0.0,2020,36097693.650000006,31526.370000000003,0.007879480386693692,53.89365121795087
672,26,0,True,False,False,957,6,False,1289.4299999999998,0.0,0.0,2020,27753761.280000005,41300.240000000005,0.006615513171387628,111.08692740797255
1977,52,52,True,False,False,958,7,False,627.2,0.0,123.4,2020,402742301.21999997,203713.86,0.00486911526882366,497.66213501309284
2237,26,0,True,False,False,959,6,True,1268.49,0.0,0.0,2020,287321599.83,128440.59,0.007340467327236758,397.3617132699998
1137,52,52,True,True,False,967,7,False,1408.8000000000002,1587.16,0.0,2020,110275412.85000002,96988.05000000002,0.004664993058844315,180.04372698414892
108,52,0,False,False,False,969,6,True,5500.0,7066.61,0.0,2020,8569208.16,79344.52,0.000620885890488717,22.47158471426664
1806,26,0,True,False,False,970,6,True,0.0,0.0,280.0,2020,135516912.3,75037.05,0.00797462602068077,198.2688139950779
7700,52,52,True,True,False,971,7,False,951.46,90.06,91228.23,2020,4953655091.0,643331.83,0.004098685347349288,902.9599999999998
365,0,0,False,False,False,973,8,True,0.0,227.86,0.0,2020,3740687.9000000004,10248.460000000001,0.005676101610894461,9.27095939824583
164,0,0,False,False,False,974,8,False,84.03999999999999,276.5,0.0,2020,2796603.4400000004,17052.460000000003,0.0027480534341612086,13.39
213,52,0,False,False,False,975,7,False,0.0,798.33,0.0,2020,17520939.09,82257.93,0.000784545918223701,19.552967743717296
286,52,52,False,False,False,976,7,True,457.65,2087.13,0.0,2020,19248314.8,67301.8,0.0010151633489248356,16.321466792467348
311,52,0,False,False,True,977,7,False,0.0,0.0,0.0,2020,22259706.82,71574.62,0.0016968872717759646,47.431154642315114
457,52,52,False,False,False,978,8,True,2027.34,512.35,0.0,2020,11835445.41,25898.13,0.004296136489742881,27.087988365245018
157,52,52,False,False,False,980,6,True,0.0,0.0,0.0,2020,6399433.04,40760.72,0.001622734854501809,27.866291129542205
357,52,52,True,True,True,981,7,False,0.0,2876.56,26749.0,2020,53839941.120000005,150812.16,0.001894694838637465,228.70889114628977
703,52,24,False,False,False,982,9,True,0.0,0.0,0.0,2020,82568615.39999999,117451.79999999999,0.0018582265849326728,67.75812300940163
614,26,0,True,False,False,983,7,True,0.0,0.0,0.0,2020,29913803.699999996,48719.549999999996,0.0037627514632690823,54.73299733631058
174,52,0,False,False,False,984,7,False,2729.51,0.0,0.0,2020,2384415.96,13703.539999999999,0.004442511807904692,21.29969952882271
1226,0,0,False,False,False,985,8,False,1962.17,12562.64,0.0,2020,294041473.82,239838.07,0.0010991725814569254,56.68622604100798
327,52,52,False,False,False,986,6,True,450.0,0.0,0.0,2020,14349087.0,43881.0,0.0011890056986357314,8.324787410276711
3166,0,0,False,False,False,987,9,False,3500.0,1.63,0.0,2020,313332719.66,98968.01000000001,0.010338528700388653,330.67110027386093
862,26,26,False,False,False,988,6,False,20858.15,6270.8,0.0,2020,91447511.19999999,106087.59999999999,0.0032672261453613417,139.37355407721688
2918,52,52,True,False,False,989,6,True,2157.57,7733.89,6553.83,2020,545232180.94,186851.33000000002,0.0031991242562491914,122.45296824942312
234455,52,52,True,False,True,1,1,True,93565.59999999999,18187.44,950288.1100000001,2021,2677906409328.7993,11421835.359999998,0.007793366330328107,33795.78
242377,52,52,True,False,False,6,2,False,360246.42000000004,343666.5,5947218.35,2021,4506447525776.1,18592719.299999997,0.005377165179936937,41238.33999999999
15519,26,26,True,True,False,8,5,True,3123.27,1051.56,403560.81000000006,2021,16114303563.54,1038359.66,0.0056948588791281745,2253.1899999999996
41407,52,52,True,True,True,12,4,False,77521.18,18591.77,1376037.5499999998,2021,210234096952.66998,5077259.81,0.003116839679858249,6048.029999999999
55876,52,52,True,False,False,14,3,False,132046.62,47344.5,380885.7,2021,148446999030.75998,2656722.01,0.009482925208657034,11359.300000000001
168187,26,26,False,False,True,18,2,False,274941.0,146895.89,5030534.29,2021,1654308949075.1096,9836128.529999997,0.005942443176021109,20313.559999999998
859854,26,26,True,True,False,20,1,True,772933.5,713253.88,18779347.939999998,2021,58005453975406.484,67459654.74999999,0.0042224150531317405,94359.44
36040,52,52,True,True,False,21,4,False,66571.65,2670.87,1108723.19,2021,158512620056.0,4398241.4,0.0031830752529827576,5438.3499999999985
30578,52,52,False,False,True,34,4,False,14032.08,426.13,921612.7799999999,2021,68717252006.56,2247277.52,0.005108465871549097,4310.08
47128,26,26,True,False,True,36,3,True,10732.71,142363.78,1206895.49,2021,345433878684.56,7329695.27,0.002088340150947252,4971.59
2332,26,26,True,True,False,39,7,True,1058.09,2227.34,951.67,2021,430600232.0400001,184648.47000000003,0.004162819543355163,253.36
9710,26,26,True,True,True,41,5,False,10259.67,0.0,294651.75,2021,5378147514.900001,553877.1900000001,0.006572910033115045,1364.97
189677,42,42,True,False,False,50,1,False,218082.25,182702.46,4638269.89,2021,2440804996966.6196,12868218.059999999,0.00505705969822687,22326.379999999994
210698,52,52,True,False,False,53,2,False,164969.4,127509.41,6313683.25,2021,2484201213236.5195,11790340.739999998,0.007062794446169367,32911.33000000001
34485,52,52,True,False,False,55,3,False,1889.27,0.0,217316.16,2021,49420484881.35,1433100.91,0.007282402167042182,3158.4400000000005
14194,52,52,True,False,False,56,5,False,6913.64,333.49,42700.71,2021,15015603366.900002,1057883.85,0.00566758072486402,2532.6
3162,26,26,True,True,False,59,7,True,12117.25,347.45,0.0,2021,454580250.24000007,143763.52000000002,0.005863640068437277,224.73470165236895
10298,52,52,True,False,False,67,5,True,25111.59,0.0,0.0,2021,1984484946.28,192705.86,0.017304086315217893,1079.7775674537168
83108,52,52,True,True,False,87,4,False,57329.03,7947.16,1812904.22,2021,465487181636.07996,5600991.26,0.005459099465413965,11249.390000000001
36977,52,52,True,False,True,88,4,False,45152.94,0.0,1048910.48,2021,120630745258.18001,3262318.3400000003,0.004323781421602441,5380.820000000001
50629,52,52,True,False,True,89,4,False,29424.6,16966.82,1193245.8599999999,2021,268585374733.83997,5304970.959999999,0.0031990770956585456,5688.74
390096,52,52,True,False,True,97,1,True,1150193.96,507534.85,11253837.650000002,2021,12073813134747.838,30950876.539999995,0.004716146980739854,54619.66999999999
545,52,52,False,False,False,100,9,True,0.0,0.0,0.0,2021,17273905.8,31695.24,0.004422544672539818,36.05255465692667
35096,26,26,True,False,False,103,3,True,21787.86,0.0,722298.0799999998,2021,65316179402.399994,1861071.9,0.00612661363728971,3704.330000000001
50618,26,26,True,False,True,123,3,False,69751.09,134.27,613594.22,2021,149319280365.72003,2949924.5400000005,0.006258692606448257,6734.169999999999
1493,26,26,True,True,False,128,7,True,257.04,0.0,265.5,2021,188754749.57000002,126426.49,0.0035511793262696556,135.00863958903545
23467,26,26,True,False,True,143,4,False,35777.39,0.0,780052.83,2021,24549438372.659996,1046125.9799999999,0.007894569790317099,2906.479999999999
3094,26,26,True,False,False,152,7,True,14372.16,739.9,0.0,2021,544161705.3599999,175876.43999999997,0.00582692654194831,339.44866846214023
3912,26,26,True,True,False,157,5,True,1167.23,0.0,150.0,2021,842830737.36,215447.53,0.005097903628399742,308.3666731159024
7298,0,0,False,False,True,159,9,False,2976.6,0.0,0.0,2021,2393535277.2,327971.39999999997,0.007295045463097563,784.3756335362949
8285,52,52,True,False,True,162,7,False,2630.21,35.08,55722.71,2021,4163925507.1,502586.06,0.006266179726001982,1197.1099999999997
5220,52,52,True,False,False,166,7,False,10591.43,0.0,154957.8,2021,2725426780.2000003,522112.41000000003,0.003730523082175081,726.77
235903,52,52,False,False,True,172,1,False,313919.14,125387.02,5187768.4799999995,2021,4368946093454.56,18520095.52,0.004733154227885387,32572.739999999998
3325,0,0,True,False,False,173,9,False,7202.620000000001,1637.07,0.0,2021,874144561.5,262900.62,0.004211595691945165,368.71000000000004
43560,52,52,False,False,True,179,3,False,65499.61,681.58,16987.4,2021,136690147004.40001,3137973.99,0.0048420406787170025,5299.9
73906,52,52,True,False,False,183,4,True,51130.84,2219.66,830619.73,2021,546174723844.82,7390126.97,0.004102321982673885,12436.0824
77244,52,52,True,True,False,186,4,True,40035.009999999995,223895.05,2557234.56,2021,701131211131.9199,9076837.18,0.00304133154082587,9865.789999999999
1916,0,0,False,False,False,188,8,False,0.0,310.73,42285.0,2021,310482588.48,162047.28,0.0037988066794203226,197.78
34681,26,26,True,True,True,190,4,False,31681.969999999998,27957.79,797103.2,2021,89270824344.46,2574055.66,0.004045973740222821,3127.4500000000007
2969,26,26,False,False,True,192,7,False,807.14,0.0,50028.32000000001,2021,590773727.99,198980.71000000002,0.004434150876067449,262.2
6103,52,52,True,True,False,204,9,True,0.0,0.0,0.0,2021,3129563411.97,512790.99,0.0031084770452910024,416.3252302759538
7800,52,52,True,True,True,205,7,False,4919.15,3944.06,0.0,2021,3477198114.0,445794.63,0.004649764806245652,550.8546689197105
5528,26,26,True,True,True,212,7,True,4200.3099999999995,0.0,690.0,2021,1775895815.76,321254.67,0.0047021851098756695,412.7910843855214
22531,52,52,False,False,True,214,5,True,7484.16,752.17,891786.46,2021,45573399625.6,2022697.5999999999,0.004303457741155793,3362.9200000000005
6290,52,52,True,True,True,216,7,False,9247.69,0.0,102254.19,2021,2633223899.5000005,418636.55000000005,0.00570317872945436,906.27
3974,52,52,True,True,False,218,9,False,2035.2,0.0,30.0,2021,922968057.1,232251.65,0.004328696420062352,254.33375968949872
3295,52,52,True,False,True,223,5,False,2493.04,1925.54,2274.2,2021,683280064.1999999,207368.75999999998,0.004752542611393374,294.77000000000004
2211,52,52,True,True,False,224,5,False,2479.37,0.0,165.0,2021,206278981.59,93296.69,0.006872127800579242,185.92003153456116
6478,52,52,True,True,False,229,7,False,0.0,0.0,159801.27,2021,3142078819.98,485038.41000000003,0.004796481407205808,835.52
1191,52,52,True,True,False,230,9,False,3452.52,0.0,3610.4,2021,162272380.34999996,136248.84999999998,0.0029327724136556936,134.0635311631771
1934,0,0,False,False,False,232,8,False,550.78,0.0,0.0,2021,286491987.62,148134.43,0.0031363436436914693,111.60992973333416
18445,26,26,True,False,False,233,5,False,8388.01,550.29,410686.88,2021,14446037492.949999,783195.3099999999,0.008182508272011725,2226.56
7285,52,52,True,True,True,236,7,False,3179.11,539.21,263853.92,2021,4161997429.6000004,571310.56,0.005104249665589466,1167.29
393,52,52,True,False,True,238,7,False,0.0,0.0,0.0,2021,7538529.930000001,19182.010000000002,0.006412004833000567,38.49314164623718
19964,26,26,True,True,True,239,7,False,45719.119999999995,4026.55,644798.9299999999,2021,35918857070.32,1799181.38,0.004239862018324703,2914.7799999999997
3342,0,0,False,False,False,245,8,False,9932.88,1451.64,0.0,2021,2093788867.08,626507.74,0.0014097922443719625,233.43
10939,52,52,False,False,True,249,7,True,2500.0,8633.61,0.0,2021,8351366095.03,763448.77,0.004508286409609748,1082.9419435527961
454823,26,26,True,False,True,270,1,True,539855.29,1516748.13,3758333.17,2021,16753091449901.682,36834310.160000004,0.004741549532086109,67066.13
4893,52,52,True,False,True,271,7,False,19727.57,0.0,268283.31,2021,4079599276.41,833762.37,0.002219256299323037,699.7199999999999
2562,52,52,True,True,False,272,5,False,0.0,0.0,0.0,2021,267673276.5,104478.25,0.008834453323907547,332.5309054271933
6338,26,26,False,False,True,275,7,True,3753.4,0.0,184857.01,2021,3233972612.6400003,510251.28,0.004224483559834316,733.0999999999999
1408,0,0,True,False,False,277,9,False,678.34,-298.54,25952.739999999994,2021,281851060.47999996,200178.30999999997,0.0019253537661211597,105.5
2865,0,0,False,False,False,279,9,False,1381.89,3406.29,0.0,2021,504931926.1499999,176241.50999999998,0.005081811676148642,279.9812301777484
1453,52,52,True,True,False,282,7,False,490.5,0.0,0.0,2021,100033746.54999998,68846.34999999999,0.006227478818701738,126.50880242886886
1344,52,52,True,True,False,287,7,True,0.0,1209.46,144.0,2021,147704363.52,109899.08000000002,0.00384126355009274,132.59802498771433
2735,26,26,True,False,False,290,7,True,2623.76,758.35,88464.71,2021,699788067.35,255864.01,0.0035932989915732805,309.0635469534524
36235,52,52,False,False,True,293,3,False,104689.51000000001,2440.64,1465119.84,2021,128765679780.25002,3553627.1500000004,0.004249957836654949,6294.840000000001
7323,52,52,True,False,False,294,7,False,3424.76,0.0,1505.0,2021,4924780770.719999,672508.6399999999,0.004293467638025192,1138.4739294732788
10679,52,52,True,False,False,296,7,False,16626.21,0.0,300828.91,2021,12340911579.33,1155624.27,0.0025356707907300945,804.0600000000002
5778,26,26,True,False,False,301,7,True,11285.5,74.43,35150.61,2021,2733999949.7999997,473174.1,0.0038815815475357314,583.8238348013793
4927,52,52,False,False,True,321,7,False,1932.74,5039.53,0.0,2021,2047353065.42,415537.46,0.0040616454611444195,578.1517201304339
57836,52,52,True,False,False,324,4,False,75841.34,43608.17,1691010.1199999999,2021,307015526407.8,5308381.05,0.003859014353905539,7255.69
3535,52,52,True,True,False,325,7,False,11826.119999999999,0.0,153.76,2021,1290538428.1999998,365074.51999999996,0.0033706641928207613,428.3557515449402
3744,26,26,True,True,True,331,9,False,2148.25,571.99,0.0,2021,738088266.24,197138.96,0.006097969359516845,385.9931146933256
146530,26,26,True,False,True,335,2,True,244655.85,149583.81,4908779.14,2021,2479982568345.2,16924742.84,0.003758436293906745,27614.17
1821,26,26,False,False,True,346,7,False,1984.92,0.0,40742.36,2021,340803081.81,187151.61,0.003343107436189847,214.97
204609,52,52,True,False,False,357,2,False,106004.63,164123.86,8459848.2,2021,4274373431347.2896,20890446.81,0.004214479320123413,37884.24
2459,52,52,True,False,False,358,7,False,0.0,0.0,35453.869999999995,2021,582155487.7900001,236744.81000000003,0.0027017761108308748,166.38
10470,52,52,True,False,False,361,7,False,7602.36,0.0,10430.98,2021,11311097084.7,1080334.01,0.0037914631185972797,1602.4448307656724
4417,26,26,False,False,False,369,9,False,2537.25,1818.73,0.0,2021,1650575832.3600001,373687.08,0.00372905919433377,439.63
2397,0,0,False,False,False,372,8,False,0.0,1323.98,0.0,2021,227766655.34999996,95021.54999999999,0.00623614056982629,146.48999999999998
1986,0,0,False,False,False,375,8,False,0.0,6528.07,0.0,2021,458877057.12,231055.92,0.002701192948306071,196.14000000000004
5216,52,52,True,False,False,376,7,True,1100.0,0.0,0.0,2021,2038156746.56,390750.91,0.004953287343789486,718.2067101281249
1900,26,26,True,False,False,382,7,False,4957.18,0.0,40035.12,2021,214944301.99999997,113128.57999999999,0.0055867873171276195,210.24
7445,52,52,True,True,True,389,7,False,2333.45,0.0,425.0,2021,4627814903.549999,621600.3899999999,0.004281990652622797,951.5887177287595
7252,26,26,False,False,True,394,6,False,3403.78,0.0,36858.27,2021,3185862196.1600003,439308.08,0.004204073311762229,470.35
5080,0,0,False,False,False,404,8,False,500.0,10411.17,85544.09,2021,1885125871.6000001,371087.77,0.005024480642672295,684.34
1649,0,0,False,False,False,413,8,True,451.04,246.6,0.0,2021,84659989.8,51340.2,0.007798449123946405,97.20999999999997
3650,26,26,False,False,True,414,6,True,9457.29,2282.92,10880.91,2021,814912067.0,223263.58,0.0034546169286313972,162.9831464964022
1200,0,0,True,True,False,416,9,False,1048.8,0.0,0.0,2021,51919416.0,43266.18,0.0,0.0
5308,52,52,False,False,True,420,9,True,5971.2,0.0,81.46,2021,2354357030.4,443548.8,0.0033026379307205447,404.2721572693481
5840,52,52,False,False,False,426,6,False,3175.0,0.0,0.0,2021,1268898205.6,217277.09,0.006840206476882402,378.2278011859357
3040,52,52,True,False,False,427,5,False,1211.44,0.0,80468.81999999999,2021,842098939.2000002,277006.23000000004,0.004054524289045622,414.94
37741,26,26,True,False,True,429,4,False,17849.94,840.35,627296.4,2021,58912686144.51,1560973.11,0.007896925396912304,4026.183000000001
17740,52,52,False,False,True,430,6,True,23800.52,14190.76,1180.0,2021,31344899844.600002,1766905.29,0.0036660839990342994,2365.2538032626444
3422,52,52,True,True,True,434,7,True,4527.26,0.0,0.0,2021,495206003.90000004,144712.45,0.006743084809035246,278.25887895072935
3721,52,52,False,False,False,437,7,True,2748.31,0.0,0.0,2021,962624858.18,258700.58,0.004545842829682486,371.67552797006766
426010,52,52,False,False,True,441,2,False,171503.55,9171.47,15408279.37,2021,10047031376350.799,23584027.08,0.006873598261348781,61685.69000000001
69,52,52,False,False,False,443,6,True,0.0,0.0,0.0,2021,1178589.69,17081.01,0.0017940727964214215,13.61
5848,26,26,False,False,True,502,7,True,4500.0,0.0,136878.49,2021,3063604157.7599998,523872.12,0.0033581862359686005,529.2401248316418
3052,52,52,True,False,False,503,7,False,3875.2799999999997,0.0,69322.05,2021,779560792.9200001,255426.21000000002,0.004173183587466614,372.29
713,0,0,False,False,False,508,9,False,0.0,13.17,0.0,2021,97942685.26000002,137367.02000000002,0.0012824922909546147,43.52962746910932
5991,52,52,True,True,False,510,7,False,3298.49,0.0,43742.12,2021,3092375668.2000003,516170.2,0.0034162184922189556,519.012496356639
4078,0,0,True,False,False,512,9,False,28057.71,0.0,14461.329999999998,2021,900431249.2600001,220802.17,0.004020555798133261,193.2554011302425
3922,52,52,False,False,True,516,9,False,67.84,426.02,16.02,2021,843928547.4200001,215178.11000000002,0.005095656650772181,306.5412346826856
2712,0,0,True,False,False,521,9,False,12460.17,4123.68,429.75,2021,884786176.08,326248.59,0.001852500145720023,134.6865111168773
1412,0,0,False,False,False,522,9,False,1994.69,1469.14,18.0,2021,156263851.4,110668.45000000001,0.0031445591312295944,85.76942320309286
6098,0,0,True,False,False,523,9,False,4126.32,515.08,1339.11,2021,2504357617.84,410685.08,0.00479663326545975,636.3608611564514
4600,52,52,False,False,False,524,5,False,5968.71,0.0,17687.95,2021,1241261608.0,269839.48,0.005738619204395223,521.276282667268
2251,0,0,False,False,False,527,9,False,3300.0,364.22,0.0,2021,323181742.52,143572.52,0.003907634601052207,139.82828932629033
15309,52,52,False,False,True,531,7,True,14616.67,424.04,11689.38,2021,9300925541.25,607546.25,0.008816594667932123,1874.19
167,0,0,False,False,False,537,8,True,61.14,0.0,0.0,2021,1723045.88,10317.64,0.004311013728522273,11.84685523835105
1140,0,0,False,False,False,543,9,False,0.0,0.0,0.0,2021,79940607.60000001,70123.34000000001,0.00437863126030712,82.69839526231716
218,52,52,False,False,False,545,8,False,90.0,0.0,0.0,2021,2011139.38,9225.41,0.00583328733971438,13.284389435241188
2562,52,52,True,True,False,547,9,False,2445.0,782.37,0.0,2021,390821673.47999996,152545.53999999998,0.005089542113646908,235.27583772559925
3684,0,0,False,False,False,550,7,True,1866.27,0.0,0.0,2021,1729807648.2000003,469546.05000000005,0.0022690737480259614,308.13
1522,26,26,True,False,False,551,7,False,953.25,43.72,0.0,2021,371387664.24,244012.92,0.0020813181883129164,169.46809613754837
1689,52,52,True,True,False,552,9,False,502.64,960.72,0.0,2021,271103129.67,160511.03,0.002977353552398697,135.22000000000003
5370,26,26,True,False,True,555,7,True,27507.15,2390.85,331.8,2021,3613745527.5,672950.75,0.002891265541681129,704.9661072146739
3249,52,52,True,False,False,556,7,False,1623.42,0.0,16230.57,2021,791982445.5900002,243761.91000000003,0.0044579751948687334,363.46054397357716
2862,52,52,False,False,True,558,7,True,0.0,0.0,0.0,2021,1145655022.5,400298.75,0.0027436481941736047,421.45934160974105
394,26,26,False,False,False,562,6,True,680.0,0.0,0.0,2021,15122295.24,38381.46,0.0026886829743148805,27.02874955640597
3902,52,52,True,False,False,565,5,False,8160.4,793.43,16633.559999999998,2021,1053263972.52,269929.26,0.0049909650487398,465.13789190988814
3065,52,52,True,True,False,567,9,False,2532.3599999999997,0.0,0.0,2021,776399808.8000001,253311.52000000002,0.004395938347586075,404.559672186701
4448,52,52,True,True,False,600,7,True,10769.16,0.0,0.0,2021,1348205346.56,303103.72,0.005858833789951522,708.9899999999999
38569,52,52,True,False,False,601,4,False,55489.5,10822.49,1001311.06,2021,167763137299.26004,4349688.540000001,0.003321656875229179,5412.370000000001
1902,52,52,False,False,False,603,6,True,5409.66,0.0,0.0,2021,176381779.79999998,92734.9,0.0047519631603282495,102.0991281586101
5808,26,26,True,True,False,604,7,True,9708.18,1588.84,490.0,2021,1316380470.2399998,226649.52999999997,0.007507368392948985,498.4923444891268
136,0,0,True,False,False,605,8,True,61.14,0.0,0.0,2021,1416157.12,10412.92,0.0039867115514737135,12.67172631136949
328,0,0,True,False,False,607,8,True,61.14,0.0,0.0,2021,5122658.08,15617.86,0.005054726543603474,19.000478509528214
1205,0,0,True,False,False,610,8,False,0.0,92.82,0.0,2021,59713991.9,49555.18,0.005281609852785531,56.84911436653082
263,0,0,True,False,False,611,8,False,400.0,0.0,0.0,2021,7413067.91,28186.57,0.0021865450075237752,14.442605687190882
3418,26,26,True,False,False,612,7,True,5440.74,8735.65,11769.55,2021,1242334136.7,363468.15,0.0034267508165881297,453.86397505581886
1054,26,26,False,False,True,613,5,False,0.0,0.0,0.0,2021,109598450.89999999,103983.34999999999,0.003986243660319039,163.01016309637436
1710,0,0,True,False,False,616,8,False,410.69000000000005,1675.49,0.0,2021,329714077.50000006,192815.25000000003,0.002879828212938885,180.31000000000003
295,52,52,False,False,True,618,6,False,0.0,0.0,0.0,2021,4523754.2,15334.76,0.005122653865617454,20.918087459455077
2400,52,52,True,False,False,620,6,False,991.83,0.0,0.0,2021,355473336.00000006,148113.89,0.004873828000037914,217.13044977838732
1629,52,52,False,False,False,622,6,False,160.0,0.0,48.0,2021,179841143.88,110399.72,0.004029023999957738,121.45476787490657
0,52,52,False,False,True,623,6,False,0.0,0.0,0.0,2021,0.0,81786.11,0.0,250.85033656810452
295,52,52,True,False,False,626,6,False,0.0,0.0,0.0,2021,5464816.000000001,18524.800000000003,0.004502772178142182,23.585494585157406
1903,0,0,False,False,False,627,6,False,0.0,0.0,0.0,2021,172397203.99,90592.33,0.0063304687405378425,172.82867814131154
4190,0,0,True,True,False,629,9,False,278.64,2850.4,48338.0,2021,690505337.9000001,164798.41000000003,0.005790470244457413,217.33000000000004
3607,0,0,True,False,False,630,9,False,1306.3,0.0,21427.5,2021,953647047.09,264387.87,0.002727707730084235,144.1891490021918
4541,26,26,False,False,True,634,6,True,9705.31,10352.03,0.0,2021,2883186205.7900004,634923.1900000001,0.002560534303843023,582.0389844623481
549,0,0,True,False,False,635,7,False,614.0,0.0,0.0,2021,20518282.080000002,37373.920000000006,0.00487474151489366,60.459999999999994
2194,52,52,False,False,False,636,6,False,0.0,0.0,76644.0,2021,179492982.95999998,81810.84,0.0034536819366489564,36.387293915419555
135,0,0,False,False,False,638,8,True,750.0,0.0,0.0,2021,2449978.6500000004,18147.99,0.0024581141471781507,14.741014951441613
78,0,0,False,False,False,639,8,False,240.0,0.0,0.0,2021,3039196.6799999997,38964.06,0.000600906937028413,7.028266801603825
893,52,52,False,False,False,641,6,False,897.95,0.0,0.0,2021,29848873.27,33425.39,0.0034396531350880995,14.802354674538888
1230,26,26,True,True,False,642,7,True,225.0,0.0,0.0,2021,96296835.3,78290.11,0.0044659790076552125,99.38985334119607
77,52,52,False,False,True,643,7,False,1260.0,82.07,0.0,2021,2952941.53,38349.89,0.0005885383598694308,6.6158716209853745
118,26,26,False,False,False,644,6,False,230.0,0.0,0.0,2021,2516051.4599999995,21322.469999999998,0.0014931474578955123,8.590103868626898
112,0,0,False,False,False,645,8,True,0.0,0.0,0.0,2021,1208189.92,10787.41,0.0036240431133097452,13.645927492434375
450,52,52,False,False,False,646,6,True,0.0,0.0,0.0,2021,44564935.5,99033.19,0.0005582017792539397,6.790964437350094
152,52,52,False,False,False,694,6,True,6470.0,2030.06,0.0,2021,12438223.84,81830.42,0.0007274081296556018,23.309999999999995
951,0,0,False,False,False,695,9,True,0.0,101.24,0.0,2021,12587664.24,13236.24,0.011672853105055545,25.10168006685426
2542,52,52,True,False,False,696,5,True,553.44,0.0,209.12,2021,301155747.74,118471.97,0.007352657406462365,298.5
540,26,26,False,False,True,706,6,True,900.0,0.0,0.0,2021,35101765.8,65003.27,0.0027276466721797735,58.21740926553425
1539,52,52,True,False,True,710,6,False,0.0,0.0,0.0,2021,240372239.31,156187.29,0.0020567097717207284,67.05
1944,52,52,True,True,False,711,7,False,400.12,8075.1,32865.36,2021,572694351.8399999,294595.86,0.0032784245234508086,479.83
3445,52,52,True,True,False,712,7,True,783.8199999999999,0.0,0.0,2021,1516235585.8,440126.44,0.0034740565307325795,678.6400000000001
768,0,0,False,False,False,714,8,False,0.0,0.0,0.0,2021,81698634.24,106378.43,0.0019127600776670342,53.90970190893122
272,52,52,False,False,True,718,7,True,1450.0,0.0,0.0,2021,8428126.719999999,30985.76,0.0035446569732172847,44.351042089793225
5341,52,52,True,False,False,731,5,False,10529.35,0.0,0.0,2021,2999761807.7700005,561647.9700000001,0.0035428056743615423,741.3110474410746
1235,52,52,True,True,False,732,5,True,5200.0,0.0,0.0,2021,112893610.05,91411.83,0.0056578696577699724,216.59265528507484
1496,52,52,True,False,False,736,7,False,1508.6499999999999,0.0,0.0,2021,250923885.52000004,167729.87000000002,0.002614371121228825,128.53568086978083
358,26,26,False,False,False,747,6,True,198.22,29.53,0.0,2021,16346072.359999998,45659.41999999999,0.002451574780223791,35.0
302,0,0,False,False,True,749,8,False,0.0,0.0,1145.08,2021,4040980.46,13380.73,0.006354095073495475,23.936469206960343
844,52,52,True,True,False,754,5,False,510.0,0.0,0.0,2021,31421579.84,37229.36,0.007979189177865028,104.55533983509511
3820,52,52,True,True,False,757,7,False,5632.0599999999995,0.0,807.0,2021,1091016677.1999998,285606.45999999996,0.004703443981537155,472.39429221566377
3598,39,39,True,True,False,758,6,False,35984.3,0.0,0.0,2021,1185150113.28,329391.36,0.003349222975965702,338.26056612812624
24655,52,52,True,False,False,760,4,True,68626.41,675.72,1203457.66,2021,42909065694.85,1740379.8699999999,0.00618229660165027,4695.51
584,0,0,True,False,False,764,8,True,0.0,0.0,0.0,2021,5876225.52,10062.029999999999,0.007685393417374947,10.239778837470297
752,52,52,False,False,False,765,6,True,0.0,0.0,0.0,2021,68012030.56,90441.53,0.002989332006208516,97.2
211,26,26,False,False,False,770,6,True,0.0,0.0,0.0,2021,5349757.3,25354.3,0.0037764565588809347,43.449999999999996
1290,0,0,False,False,False,771,9,False,0.0,0.0,0.0,2021,98380250.39999999,76263.76,0.006157613402275682,170.95096391466586
3631,52,52,True,False,False,774,6,True,1025.34,1241.73,0.0,2021,1124101174.26,309584.46,0.0037658602947863566,374.33502608479955
2113,0,0,False,False,False,775,8,True,9304.0,172.53,0.0,2021,246834088.57000002,116816.89000000001,0.004919064012498448,156.27040259183838
21178,52,52,False,False,True,786,7,False,20674.28,51263.39,443106.06,2021,34240290095.959995,1616785.8199999998,0.005052487212848296,3150.8700000000003
220,0,0,False,False,False,790,8,True,61.14,0.0,0.0,2021,2269880.8,10317.64,0.0049480321261353355,11.84685523835105
249,26,26,True,True,False,794,6,False,750.0,272.02,0.0,2021,13771983.33,55309.17,0.0011858595408623636,17.2767257582496
2466,26,26,True,True,True,795,8,True,713.75,6119.16,3172.5099999999998,2021,483868162.80000013,196215.80000000005,0.0039710612437278995,246.20000000000005
142,0,0,False,False,False,796,8,True,0.0,513.06,0.0,2021,3575006.1999999997,25176.1,0.0028399256329168497,35.999999999999986
462,0,0,False,False,False,797,8,True,0.0,0.0,0.0,2021,12271939.68,26562.64,0.0032324009072650494,15.956988688391213
1171,0,0,False,False,False,801,8,False,1836.0,0.0,0.0,2021,129862190.34,110898.54000000001,0.0028287716898871083,84.0408731907134
292,26,26,False,False,False,806,6,True,0.0,0.0,0.0,2021,16868299.8,57768.15,0.0019567782962760082,43.75999999999999
5021,52,52,False,False,True,809,8,True,3460.01,12432.36,0.0,2021,2464219635.44,490782.64,0.0022217007225515005,236.78777465897457
1300,52,52,True,False,False,810,8,False,0.0,628.96,0.0,2021,221423839.0,170326.03,0.002615919593788826,152.71
6083,52,52,True,True,False,811,6,True,4652.719999999999,29147.48,20474.57,2021,3905702624.67,642068.49,0.002975439060138722,599.9941522155511
937,52,52,True,False,False,812,8,True,309.96000000000004,513.57,290.5,2021,80534203.63,85948.98999999999,0.002414591870089627,45.9652294482
584,0,0,False,False,False,818,8,False,607.45,0.0,0.0,2021,12014106.399999999,20572.1,0.006584727682568679,31.42100301690798
521,26,26,False,False,False,824,6,True,0.0,0.0,0.0,2021,28156871.900000002,54043.9,0.0024254789261043334,32.97999999999999
205,52,52,False,False,True,826,6,True,0.0,0.0,0.0,2021,7391166.350000001,36054.47,0.0027375119942657676,47.52
563,0,0,False,False,False,830,9,False,0.0,155.87,0.0,2021,17684910.959999997,31411.92,0.003806944741680868,25.4
837,0,0,False,False,False,833,8,False,50.0,0.0,0.0,2021,34213764.42,40876.66,0.005183067452243554,53.62892221148886
925,0,0,False,False,False,834,8,False,7708.9,686.51,5392.8,2021,50391946.50000001,54477.780000000006,0.005151922142814576,85.16
2090,52,52,False,False,False,837,8,False,712.57,900.05,0.0,2021,289690908.09999996,138608.09,0.004533394699028316,188.92000000000004
1673,26,26,True,True,False,840,6,False,7473.34,0.0,0.0,2021,273086801.4,163231.8,0.0028697489440135584,131.16
345,26,26,False,False,False,843,6,True,0.0,0.0,0.0,2021,11206383.15,32482.27,0.0028419187161081894,24.69999999999999
735,0,0,False,False,False,847,8,False,130.0,0.0,0.0,2021,89558662.2,121848.52,0.0019449812455567303,76.41594953204459
6135,52,52,True,False,False,854,7,False,1855.81,0.0,771.72,2021,4235948173.5,690456.1,0.003202868808254834,797.1423354043767
1620,52,52,True,False,False,855,7,False,600.0,0.0,691.0,2021,272912376.59999996,168464.42999999996,0.003315467185838782,192.57100061772678
233,26,26,False,False,True,862,7,False,330.0,0.0,11900.0,2021,2917330.0900000003,12520.730000000001,0.004158416006416295,11.634808712767379
1333,0,0,False,False,False,866,8,True,2287.35,0.0,0.0,2021,70174865.23,52644.310000000005,0.00607601568115843,76.7556755358711
283,0,0,False,False,False,871,8,False,525.23,0.0,0.0,2021,4200583.149999999,14843.05,0.004639750344443555,16.75903819109027
2453,0,0,False,False,False,873,8,False,996.25,96.37,0.0,2021,276529805.31,112731.27,0.0052497432430241376,142.78
48094,52,52,True,True,False,878,4,True,130914.13,19861.05,1317864.46,2021,201899261749.94,4198013.51,0.004469365633178232,7319.620000000001
3575,52,52,False,False,False,885,5,False,1709.58,0.0,111689.82999999997,2021,843417753.7500001,235921.05000000002,0.004840329582356893,364.76
1412,52,52,True,False,False,888,6,False,0.0,0.0,0.0,2021,99374865.59999998,70378.79999999999,0.005461507650221991,104.63430912500077
553,52,52,False,False,False,889,6,True,155.0,0.0,0.0,2021,27946634.729999997,50536.409999999996,0.0026601873911314554,32.68196078959271
1499,26,26,True,False,False,891,6,True,1776.96,0.0,0.0,2021,169029218.68,112761.32,0.0049225619957072135,205.54222728963816
1899,26,26,True,True,False,897,8,True,1961.04,3581.99,360.0,2021,841176444.4200001,442957.58,0.0009166894196680419,86.8247913927169
437,52,52,False,False,False,904,6,True,1331.25,0.0,0.0,2021,7747699.729999999,17729.289999999997,0.006185415800629548,27.519405625701427
2490,0,0,True,True,True,905,8,False,850.0,0.0,0.0,2021,190994229.89999998,76704.51,0.00578395531086386,79.04825919556662
1324,0,0,False,False,False,907,8,False,0.0,2015.74,0.0,2021,20243417.16,15289.59,0.00802215222609605,11.362803380870107
4669,26,26,True,False,False,909,5,False,3399.55,0.0,90.0,2021,861221095.35,184455.15,0.008283601199321602,500.03000000000003
548,52,52,False,False,True,914,8,False,535.0,0.0,0.0,2021,22286781.880000003,40669.310000000005,0.005722646702230352,98.84322786525229
992,0,0,False,False,False,918,8,False,2012.3200000000002,0.0,0.0,2021,68261702.39999999,68812.2,0.003397645600026698,55.103015623061204
1086,0,0,False,False,False,922,8,False,618.2,8269.03,3615.62,2021,138052211.4,127119.9,0.0024838348180493417,91.80000000000001
435,52,52,False,False,False,923,5,False,261.83000000000004,0.0,129.3,2021,14719121.100000001,33837.060000000005,0.006299803708412577,104.46000000000001
820,0,0,False,False,False,924,8,False,1745.1,198.94,0.0,2021,63171668.400000006,77038.62000000001,0.003060834515044648,67.80829693232754
715,12,12,True,True,False,929,8,False,3687.28,0.0,0.0,2021,81259278.10000001,113649.34000000001,0.0018493160411185074,61.78030780286209
869,0,0,False,False,False,936,9,False,25.66,0.0,0.0,2021,64092703.95,73754.55,0.002433273279912469,37.062920062390205
791,0,0,False,False,False,952,9,True,611.52,328.89,7498.0,2021,68039225.52,86016.71999999999,0.0026132912692016833,63.87999999999999
1145,0,0,False,False,False,955,8,True,357.0,0.0,0.0,2021,36938558.75,32260.75,0.007399635422446032,49.76959172462127
679,26,26,True,False,False,957,6,False,1352.98,0.0,0.0,2021,27947266.549999997,41159.45,0.006619075720210784,109.3110459605249
2172,52,52,True,False,False,958,7,False,379.7,0.0,172.88,2021,451287604.08000004,207775.14,0.004418682928526829,388.07263932750806
2281,26,26,True,True,True,959,6,True,1968.75,0.0,0.0,2021,294408578.76,129069.96,0.006808915808954382,338.5953535590178
1141,52,52,False,False,True,967,7,False,1408.8000000000002,1587.16,0.0,2021,108136460.81,94773.41,0.002926562847381155,67.42222484834431
1815,26,26,True,False,False,970,6,True,0.0,0.0,370.0,2021,138260855.7,76176.78,0.007285671138038269,169.71011231601815
7855,52,52,True,True,False,971,7,False,1096.92,90.06,213937.14,2021,4895412737.500001,623222.5000000001,0.0041757693121121185,862.2099999999999
365,0,0,False,False,False,973,8,True,0.0,227.86,0.0,2021,4660309.050000001,12767.970000000001,0.005108320033195673,11.654859385148482
164,0,0,False,False,False,974,8,False,84.03999999999999,1492.1,0.0,2021,5859091.88,35726.17,0.001230291741620796,11.780000000000003
213,52,52,False,False,False,975,7,False,1244.0,798.33,0.0,2021,19660064.01,92300.77,0.0008604571108255459,29.613483714622856
311,52,52,False,False,True,977,7,False,0.0,0.0,0.0,2021,21992256.15,70714.65,0.0017576210185689025,49.67168335066072
462,49,49,False,False,True,978,8,True,2724.0,943.22,0.0,2021,21058135.560000002,45580.380000000005,0.002201877551585055,21.802195774780508
157,0,0,False,False,False,980,6,True,0.0,0.0,0.0,2021,7090991.350000001,45165.55,0.001735742218571914,39.145821180745806
382,52,52,True,True,True,981,7,False,0.0,2846.86,27077.84,2021,118050025.36,309031.48,0.0006734964269410899,113.39990030452911
0,52,52,False,False,False,982,9,True,0.0,0.0,0.0,2021,0.0,58651.29,0.0,29.56025043566946
620,52,52,True,False,False,983,7,True,620.0,0.0,0.0,2021,30635619.8,49412.29,0.004519344070016547,80.43204057682397
104,52,52,False,False,True,984,7,False,2125.0,0.0,0.0,2021,1469203.84,14126.960000000001,0.004709680577675605,42.56444725915124
1234,0,0,False,False,False,985,8,False,2340.0,12936.39,0.0,2021,290780710.18,235640.77,0.0016680019678924159,125.19264759710782
357,52,52,False,False,False,986,6,True,0.0,0.0,0.0,2021,16081446.99,45046.07,0.0008385122289097628,3.9963581296238244
3173,0,0,False,False,False,987,9,True,0.0,1.63,0.0,2021,291480759.59000003,91862.83,0.009878022059572002,259.50728395461186
877,52,52,False,False,False,988,6,False,21122.6,6270.8,14.0,2021,91685649.28,104544.64,0.002480911590058269,76.705503595032
2916,52,52,True,False,False,989,6,True,2335.02,7649.5,26334.129999999997,2021,824861837.88,282874.43,0.002508919963880844,172.7322692645771
